regime,K_gain,A,ρ_att,raw_payoff_bp,p_det,expected_utility_bp
Naive Fed (K=1.00),1.0,0.1,0.0,-1.2141410788587097,0.0,-1.2141410788587097
Naive Fed (K=1.00),1.0,0.1,0.05,-1.2191113078854083,0.00043312316291999053,-1.2185832825397855
Naive Fed (K=1.00),1.0,0.1,0.1,-1.2183941196443266,0.0008660587301657641,-1.2173389187802262
Naive Fed (K=1.00),1.0,0.1,0.15,-1.2099741512639806,0.0012988067829893257,-1.2084026286290772
Naive Fed (K=1.00),1.0,0.1,0.2,-1.191101930694019,0.0017313674026074866,-1.1890396956380325
Naive Fed (K=1.00),1.0,0.1,0.25,-1.1579744849230345,0.0021637406702019746,-1.1554689284349502
Naive Fed (K=1.00),1.0,0.1,0.3,-1.1052494581799812,0.0025959266669191017,-1.1023803116378939
Naive Fed (K=1.00),1.0,0.1,0.35,-1.0252968123361468,0.0030279254738704298,-1.022192289999796
Naive Fed (K=1.00),1.0,0.1,0.4,-0.9070337816595486,0.0034597371721322157,-0.9038956831687615
Naive Fed (K=1.00),1.0,0.1,0.45,-0.7340903262860491,0.0038913618427453,-0.7312337152012112
Naive Fed (K=1.00),1.0,0.1,0.5,-0.481881211844274,0.004322799566715996,-0.479798135950505
Naive Fed (K=1.00),1.0,0.1,0.55,-0.1128526935013175,0.004754050425014977,-0.11231618610581348
Naive Fed (K=1.00),1.0,0.1,0.6,0.43140598952947906,0.0051851144985782804,0.42916910007839626
Naive Fed (K=1.00),1.0,0.1,0.65,1.2436312881675646,0.005615991868306525,1.236647064966044
Naive Fed (K=1.00),1.0,0.1,0.7,2.474735486489066,0.0060466826150655795,2.4597715464460266
Naive Fed (K=1.00),1.0,0.1,0.75,4.378062039176992,0.0064771868196862314,4.349704513441067
Naive Fed (K=1.00),1.0,0.1,0.8,7.3966059002978515,0.006907504562964073,7.345513811291097
Naive Fed (K=1.00),1.0,0.1,0.85,12.349001634167832,0.007337635925659947,12.25838915613093
Naive Fed (K=1.00),1.0,0.1,0.9,20.87032555052537,0.007767580988499501,20.70821360655531
Naive Fed (K=1.00),1.0,0.1,0.95,36.623453374124225,0.008197339832173522,36.32323848098876
Naive Fed (K=1.00),1.0,0.2,0.0,-2.4282821577174194,0.0,-2.4282821577174194
Naive Fed (K=1.00),1.0,0.2,0.05,-2.4382226157708167,0.0017313674026074866,-2.434001156613571
Naive Fed (K=1.00),1.0,0.2,0.1,-2.4367882392886533,0.0034597371721322157,-2.428357592436572
Naive Fed (K=1.00),1.0,0.2,0.15,-2.419948302527961,0.0051851144985782804,-2.4074005934987133
Naive Fed (K=1.00),1.0,0.2,0.2,-2.382203861388038,0.006907504562964073,-2.365748777345589
Naive Fed (K=1.00),1.0,0.2,0.25,-2.315948969846069,0.008626912537337939,-2.295969480642269
Naive Fed (K=1.00),1.0,0.2,0.3,-2.2104989163599624,0.010343343584793052,-2.1876349665742385
Naive Fed (K=1.00),1.0,0.2,0.35,-2.0505936246722936,0.012056802859483962,-2.025870021594705
Naive Fed (K=1.00),1.0,0.2,0.4,-1.8140675633190972,0.013767295506640798,-1.7890927591058714
Naive Fed (K=1.00),1.0,0.2,0.45,-1.4681806525720982,0.015474826662586039,-1.4454608114641825
Naive Fed (K=1.00),1.0,0.2,0.5,-0.963762423688548,0.017179401454748944,-0.9472055621050006
Naive Fed (K=1.00),1.0,0.2,0.55,-0.225705387002635,0.018881025001681317,-0.2214438379476241
Naive Fed (K=1.00),1.0,0.2,0.6,0.8628119790589581,0.020579702413073164,0.8450555652914901
Naive Fed (K=1.00),1.0,0.2,0.65,2.4872625763351293,0.022275438789767232,2.4318577110618973
Naive Fed (K=1.00),1.0,0.2,0.7,4.949470972978132,0.023968239223775334,4.83084086866666
Naive Fed (K=1.00),1.0,0.2,0.75,8.756124078353984,0.02565810879829289,8.531458494100226
Naive Fed (K=1.00),1.0,0.2,0.8,14.793211800595703,0.02734505258771447,14.388690645967214
Naive Fed (K=1.00),1.0,0.2,0.85,24.698003268335665,0.029029075657649006,23.981043062866288
Naive Fed (K=1.00),1.0,0.2,0.9,41.74065110105074,0.030710183064935004,40.45878806448789
Naive Fed (K=1.00),1.0,0.2,0.95,73.24690674824845,0.03238837985765575,70.87455810908789
Naive Fed (K=1.00),1.0,0.3,0.0,-3.6424232365761284,0.0,-3.6424232365761284
Naive Fed (K=1.00),1.0,0.3,0.05,-3.657333923656224,0.0038913618427453,-3.64310191397953
Naive Fed (K=1.00),1.0,0.3,0.1,-3.65518235893298,0.007767580988499501,-3.6267904339322334
Naive Fed (K=1.00),1.0,0.3,0.15,-3.629922453791942,0.011628716362975688,-3.5877111151571985
Naive Fed (K=1.00),1.0,0.3,0.2,-3.573305792082056,0.015474826662586039,-3.5180095043371713
Naive Fed (K=1.00),1.0,0.3,0.25,-3.4739234547691047,0.019305970355333435,-3.406855991534635
Naive Fed (K=1.00),1.0,0.3,0.3,-3.315748374539944,0.02312220568170087,-3.239080958635066
Naive Fed (K=1.00),1.0,0.3,0.35,-3.07589043700844,0.02692359065553629,-2.993076421981146
Naive Fed (K=1.00),1.0,0.3,0.4,-2.721101344978644,0.030710183064935004,-2.637535824536109
Naive Fed (K=1.00),1.0,0.3,0.45,-2.202270978858147,0.03448204047311776,-2.1263321818323875
Naive Fed (K=1.00),1.0,0.3,0.5,-1.4456436355328224,0.038239220219305925,-1.3903633501950448
Naive Fed (K=1.00),1.0,0.3,0.55,-0.33855808050395064,0.04198177941959358,-0.3243448098475128
Naive Fed (K=1.00),1.0,0.3,0.6,1.2942179685884379,0.04570977496781492,1.2350595564849578
Naive Fed (K=1.00),1.0,0.3,0.65,3.7308938645026912,0.04942326353641002,3.5465009138109993
Naive Fed (K=1.00),1.0,0.3,0.7,7.424206459467194,0.05312230157728581,7.029815524955344
Naive Fed (K=1.00),1.0,0.3,0.75,13.134186117530973,0.056806945322674496,12.38807312489456
Naive Fed (K=1.00),1.0,0.3,0.8,22.189817700893553,0.0604772507859882,20.847838530901253
Naive Fed (K=1.00),1.0,0.3,0.85,37.047004902503495,0.06413327376267075,34.67105919500423
Naive Fed (K=1.00),1.0,0.3,0.9,62.61097665157611,0.06777506983104575,58.36751333682556
Naive Fed (K=1.00),1.0,0.3,0.95,109.87036012237267,0.07140269435316116,102.02532038008316
Naive Fed (K=1.00),1.0,0.4,0.0,-4.856564315434839,0.0,-4.856564315434839
Naive Fed (K=1.00),1.0,0.4,0.05,-4.876445231541633,0.006907504562964073,-4.842761163853715
Naive Fed (K=1.00),1.0,0.4,0.1,-4.873576478577307,0.013767295506640798,-4.806480511022519
Naive Fed (K=1.00),1.0,0.4,0.15,-4.839896605055922,0.020579702413073164,-4.740292973213828
Naive Fed (K=1.00),1.0,0.4,0.2,-4.764407722776076,0.02734505258771447,-4.634124743047451
Naive Fed (K=1.00),1.0,0.4,0.25,-4.631897939692138,0.0340636710751544,-4.4741184918207795
Naive Fed (K=1.00),1.0,0.4,0.3,-4.420997832719925,0.04073588067473566,-4.240904592542981
Naive Fed (K=1.00),1.0,0.4,0.35,-4.101187249344587,0.04736200195606266,-3.9069468108189493
Naive Fed (K=1.00),1.0,0.4,0.4,-3.6281351266381945,0.05394235327440411,-3.432424979909802
Naive Fed (K=1.00),1.0,0.4,0.45,-2.9363613051441964,0.0604772507859882,-2.758778246094719
Naive Fed (K=1.00),1.0,0.4,0.5,-1.927524847377096,0.06696700846319259,-1.79844427460978
Naive Fed (K=1.00),1.0,0.4,0.55,-0.45141077400527,0.0734119381096291,-0.4182718342019754
Naive Fed (K=1.00),1.0,0.4,0.6,1.7256239581179162,0.07981234937512494,1.5878978558825232
Naive Fed (K=1.00),1.0,0.4,0.65,4.9745251526702585,0.08616854977059951,4.545877534467293
Naive Fed (K=1.00),1.0,0.4,0.7,9.898941945956263,0.09248084468283913,8.98347943332784
Naive Fed (K=1.00),1.0,0.4,0.75,17.51224815670797,0.0987495373891698,15.782921752588715
Naive Fed (K=1.00),1.0,0.4,0.8,29.586423601191406,0.10497492907202755,26.480590882161376
Naive Fed (K=1.00),1.0,0.4,0.85,49.39600653667133,0.11115731883342983,43.90527888897637
Naive Fed (K=1.00),1.0,0.4,0.9,83.48130220210147,0.11729700370934515,73.68919558804062
Naive Fed (K=1.00),1.0,0.4,0.95,146.4938134964969,0.12339427868396491,128.41731504843338
Naive Fed (K=1.00),1.0,0.5,0.0,-6.070705394293546,0.0,-6.070705394293546
Naive Fed (K=1.00),1.0,0.5,0.05,-6.095556539427042,0.010771986806024536,-6.0298952848089575
Naive Fed (K=1.00),1.0,0.5,0.1,-6.09197059822163,0.02142793791229991,-5.961432230479381
Naive Fed (K=1.00),1.0,0.5,0.15,-6.049870756319902,0.031969103253852826,-5.856461813438647
Naive Fed (K=1.00),1.0,0.5,0.2,-5.955509653470096,0.0423967193014263,-5.70301558239499
Naive Fed (K=1.00),1.0,0.5,0.25,-5.789872424615176,0.052712009206517196,-5.4846766160643
Naive Fed (K=1.00),1.0,0.5,0.3,-5.526247290899905,0.06291618294485002,-5.178556905347165
Naive Fed (K=1.00),1.0,0.5,0.35,-5.126484061680734,0.07301043745830715,-4.752197217714384
Naive Fed (K=1.00),1.0,0.5,0.4,-4.5351689082977416,0.08299595679532878,-4.158768225525144
Naive Fed (K=1.00),1.0,0.5,0.45,-3.670451631430245,0.09287391224980057,-3.329562428695655
Naive Fed (K=1.00),1.0,0.5,0.5,-2.409406059221369,0.10264546249844642,-2.162091459926032
Naive Fed (K=1.00),1.0,0.5,0.55,-0.5642634675065887,0.1123117537367394,-0.50089004790135
Naive Fed (K=1.00),1.0,0.5,0.6,2.1570299476473953,0.12187391981335027,1.8941442527728216
Naive Fed (K=1.00),1.0,0.5,0.65,6.218156440837819,0.1313330823631469,5.4015067888463335
Naive Fed (K=1.00),1.0,0.5,0.7,12.373677432445328,0.14069035093876103,10.632820412071567
Naive Fed (K=1.00),1.0,0.5,0.75,21.89031019588496,0.14994682314073826,18.6079277244467
Naive Fed (K=1.00),1.0,0.5,0.8,36.983029501489256,0.1591035847462855,31.098896933024683
Naive Fed (K=1.00),1.0,0.5,0.85,61.74500817083916,0.1681617098366317,51.36186202295405
Naive Fed (K=1.00),1.0,0.5,0.9,104.35162775262685,0.17712226092301753,85.86863151408448
Naive Fed (K=1.00),1.0,0.5,0.95,183.11726687062108,0.18598628907132608,149.0599659404706
Naive Fed (K=1.00),1.0,0.6,0.0,-7.284846473152257,0.0,-7.284846473152257
Naive Fed (K=1.00),1.0,0.6,0.05,-7.314667847312448,0.015474826662586039,-7.201474630280896
Naive Fed (K=1.00),1.0,0.6,0.1,-7.31036471786596,0.030710183064935004,-7.085862079108855
Naive Fed (K=1.00),1.0,0.6,0.15,-7.259844907583884,0.04570977496781492,-6.927999030556987
Naive Fed (K=1.00),1.0,0.6,0.2,-7.146611584164112,0.0604772507859882,-6.71440416311857
Naive Fed (K=1.00),1.0,0.6,0.25,-6.947846909538209,0.07501620247563134,-6.4266458190026015
Naive Fed (K=1.00),1.0,0.6,0.3,-6.631496749079888,0.0893301664080215,-6.0391040409503285
Naive Fed (K=1.00),1.0,0.6,0.35,-6.15178087401688,0.1034226242297035,-5.515547552339955
Naive Fed (K=1.00),1.0,0.6,0.4,-5.442202689957288,0.11729700370934515,-4.8038486208463596
Naive Fed (K=1.00),1.0,0.6,0.45,-4.404541957716294,0.13095667957148838,-3.827737767900465
Naive Fed (K=1.00),1.0,0.6,0.5,-2.8912872710656448,0.14440497431739774,-2.4737710069431915
Naive Fed (K=1.00),1.0,0.6,0.55,-0.6771161610079013,0.15764515903320697,-0.5703720761218561
Naive Fed (K=1.00),1.0,0.6,0.6,2.5884359371768757,0.17068045418555822,2.1466405157893056
Naive Fed (K=1.00),1.0,0.6,0.65,7.4617877290053825,0.1835140304049313,6.092444988829546
Naive Fed (K=1.00),1.0,0.6,0.7,14.848412918934388,0.19614900925684853,11.935911435848817
Naive Fed (K=1.00),1.0,0.6,0.75,26.268372235061946,0.20858846400114683,20.789092818740002
Naive Fed (K=1.00),1.0,0.6,0.8,44.379635401787105,0.2208354203395001,34.57903996331969
Naive Fed (K=1.00),1.0,0.6,0.85,74.09400980500699,0.2328928571513731,56.83804416371706
Naive Fed (K=1.00),1.0,0.6,0.9,125.22195330315222,0.2447637072185872,94.57216378751987
Naive Fed (K=1.00),1.0,0.6,0.95,219.74072024474535,0.2564508579386736,163.38802401391834
Naive Fed (K=1.00),1.0,0.7,0.0,-8.498987552010966,0.0,-8.498987552010966
Naive Fed (K=1.00),1.0,0.7,0.05,-8.533779155197854,0.02100391203019203,-8.354536408536992
Naive Fed (K=1.00),1.0,0.7,0.1,-8.528758837510285,0.041566659739811995,-8.17424682090858
Naive Fed (K=1.00),1.0,0.7,0.15,-8.469819058847857,0.06169750930544016,-7.9472523186491975
Naive Fed (K=1.00),1.0,0.7,0.2,-8.337713514858132,0.08140553227769876,-7.658977508202144
Naive Fed (K=1.00),1.0,0.7,0.25,-8.105821394461245,0.10069960966915903,-7.289568343991079
Naive Fed (K=1.00),1.0,0.7,0.3,-7.736746207259868,0.11958843595638546,-6.811520828942164
Naive Fed (K=1.00),1.0,0.7,0.35,-7.17707768635302,0.13808052299792128,-6.186063045824684
Naive Fed (K=1.00),1.0,0.7,0.4,-6.349236471616836,0.1561842038699821,-5.357586028115106
Naive Fed (K=1.00),1.0,0.7,0.45,-5.138632284002342,0.17390763662158348,-4.244984888024125
Naive Fed (K=1.00),1.0,0.7,0.5,-3.373168482909921,0.1912588079507972,-2.7280202998513707
Naive Fed (K=1.00),1.0,0.7,0.55,-0.7899688545092216,0.20824553680379132,-0.6254613663436727
Naive Fed (K=1.00),1.0,0.7,0.6,3.019841926706353,0.22487547789827633,2.34075353026101
Naive Fed (K=1.00),1.0,0.7,0.65,8.70541901717295,0.2411561251729456,6.60605389898465
Naive Fed (K=1.00),1.0,0.7,0.7,17.323148405423456,0.2570948151644631,12.86945676806455
Naive Fed (K=1.00),1.0,0.7,0.75,30.64643427423894,0.2726987303135223,22.289190559017168
Naive Fed (K=1.00),1.0,0.7,0.8,51.77624130208495,0.28797490220146404,36.86598327675763
Naive Fed (K=1.00),1.0,0.7,0.85,86.44301143917482,0.30293021471891335,60.25681142295611
Naive Fed (K=1.00),1.0,0.7,0.9,146.09227885367756,0.31757140716786225,99.69754828175545
Naive Fed (K=1.00),1.0,0.7,0.95,256.36417361886953,0.3319050772985962,171.2756027573079
Naive Fed (K=1.00),1.0,0.8,0.0,-9.713128630869678,0.0,-9.713128630869678
Naive Fed (K=1.00),1.0,0.8,0.05,-9.752890463083267,0.02734505258771447,-9.486197160488036
Naive Fed (K=1.00),1.0,0.8,0.1,-9.747152957154613,0.05394235327440411,-9.221368588920127
Naive Fed (K=1.00),1.0,0.8,0.15,-9.679793210111844,0.07981234937512494,-8.907226172547436
Naive Fed (K=1.00),1.0,0.8,0.2,-9.528815445552151,0.10497492907202755,-8.528528720014874
Naive Fed (K=1.00),1.0,0.8,0.25,-9.263795879384276,0.12944943670387588,-8.064602721058295
Naive Fed (K=1.00),1.0,0.8,0.3,-8.84199566543985,0.15325468763747285,-7.486918381640977
Naive Fed (K=1.00),1.0,0.8,0.35,-8.202374498689174,0.1764089827324269,-6.7554019573850175
Naive Fed (K=1.00),1.0,0.8,0.4,-7.256270253276389,0.198930122410378,-5.812779523549333
Naive Fed (K=1.00),1.0,0.8,0.45,-5.872722610288393,0.2208354203395002,-4.575817444108068
Naive Fed (K=1.00),1.0,0.8,0.5,-3.855049694754192,0.242141716744801,-2.921581343529891
Naive Fed (K=1.00),1.0,0.8,0.55,-0.90282154801054,0.2628653913544494,-0.6655010084695195
Naive Fed (K=1.00),1.0,0.8,0.6,3.4512479162358325,0.28302237599208635,2.4744675308450303
Naive Fed (K=1.00),1.0,0.8,0.65,9.949050305340517,0.3026281668247973,6.938187449787626
Naive Fed (K=1.00),1.0,0.8,0.7,19.797883891912527,0.3216978362761641,13.428947481037545
Naive Fed (K=1.00),1.0,0.8,0.75,35.02449631341594,0.3402460446135529,23.1075499781942
Naive Fed (K=1.00),1.0,0.8,0.8,59.17284720238281,0.358287051218548,37.97198226603537
Naive Fed (K=1.00),1.0,0.8,0.85,98.79201307334266,0.37583472554919406,61.66254395347053
Naive Fed (K=1.00),1.0,0.8,0.9,166.96260440420295,0.3929025578024766,101.36257007642857
Naive Fed (K=1.00),1.0,0.8,0.95,292.9876269929938,0.40950366928523485,173.00811868418913
Naive Fed (K=1.00),1.0,0.9,0.0,-10.927269709728387,0.0,-10.927269709728387
Naive Fed (K=1.00),1.0,0.9,0.05,-10.972001770968674,0.03448204047311776,-10.593664761831013
Naive Fed (K=1.00),1.0,0.9,0.1,-10.965547076798938,0.06777506983104575,-10.22235635793327
Naive Fed (K=1.00),1.0,0.9,0.15,-10.889767361375824,0.09992008760318094,-9.801660852648892
Naive Fed (K=1.00),1.0,0.9,0.2,-10.71991737624617,0.13095667957148838,-9.31607259137227
Naive Fed (K=1.00),1.0,0.9,0.25,-10.421770364307317,0.16092306651939692,-8.744667118722012
Naive Fed (K=1.00),1.0,0.9,0.3,-9.947245123619837,0.18985615129973454,-8.058699448414322
Naive Fed (K=1.00),1.0,0.9,0.35,-9.227671311025317,0.2177915642796645,-7.21796234153853
Naive Fed (K=1.00),1.0,0.9,0.4,-8.163304034935937,0.2447637072185872,-6.1652234761925655
Naive Fed (K=1.00),1.0,0.9,0.45,-6.606812936574443,0.2708057956330433,-4.817649702686717
Naive Fed (K=1.00),1.0,0.9,0.5,-4.336930906598472,0.29594989970078756,-3.053416639781408
Naive Fed (K=1.00),1.0,0.9,0.55,-1.015674241511863,0.3202269837544076,-0.6904279426754734
Naive Fed (K=1.00),1.0,0.9,0.6,3.88265390576531,0.3436669444131215,2.548314101757274
Naive Fed (K=1.00),1.0,0.9,0.65,11.19268159350807,0.3662986473997133,7.092817465030397
Naive Fed (K=1.00),1.0,0.9,0.7,22.272619378401583,0.3881499630879458,13.627502988803142
Naive Fed (K=1.00),1.0,0.9,0.75,39.40255835259293,0.40924780082422585,23.277147999946045
Naive Fed (K=1.00),1.0,0.9,0.8,66.56945310268065,0.4296181420657882,37.97000834237137
Naive Fed (K=1.00),1.0,0.9,0.85,111.1410147075105,0.44928607237620777,61.20690472966676
Naive Fed (K=1.00),1.0,0.9,0.9,187.8329299547283,0.46827581231764104,99.87531210017532
Naive Fed (K=1.00),1.0,0.9,0.95,329.611080367118,0.4866107472778397,169.21878623861863
Naive Fed (K=1.00),1.0,1.0,0.0,-12.141410788587091,0.0,-12.141410788587091
Naive Fed (K=1.00),1.0,1.0,0.05,-12.191113078854084,0.0423967193014263,-11.67424987967796
Naive Fed (K=1.00),1.0,1.0,0.1,-12.18394119644326,0.08299595679532878,-11.17272333930643
Naive Fed (K=1.00),1.0,1.0,0.15,-12.099741512639804,0.12187391981335027,-10.625098585766075
Naive Fed (K=1.00),1.0,1.0,0.2,-11.911019306940192,0.1591035847462855,-10.01593343722379
Naive Fed (K=1.00),1.0,1.0,0.25,-11.579744849230352,0.19475483402537286,-9.324533563062328
Naive Fed (K=1.00),1.0,1.0,0.3,-11.05249458179981,0.22889458729602952,-8.52263839590714
Naive Fed (K=1.00),1.0,1.0,0.35,-10.252968123361468,0.2615869270302503,-7.5709256990322285
Naive Fed (K=1.00),1.0,1.0,0.4,-9.070337816595483,0.2928932188134524,-6.41369737776745
Naive Fed (K=1.00),1.0,1.0,0.45,-7.34090326286049,0.32287222653155356,-4.970729481627977
Naive Fed (K=1.00),1.0,1.0,0.5,-4.818812118442738,0.3515802226744952,-3.124613080814084
Naive Fed (K=1.00),1.0,1.0,0.55,-1.1285269350131775,0.379071093963258,-0.7007349951907297
Naive Fed (K=1.00),1.0,1.0,0.6,4.314059895294791,0.4053964424986395,2.565155361016229
Naive Fed (K=1.00),1.0,1.0,0.65,12.436312881675638,0.4306056826216541,7.081165883965229
Naive Fed (K=1.00),1.0,1.0,0.7,24.747354864890657,0.45474613366737104,13.493590921587225
Naive Fed (K=1.00),1.0,1.0,0.75,43.78062039176992,0.477863108786293,22.859477026766175
Naive Fed (K=1.00),1.0,1.0,0.8,73.96605900297851,0.5,36.983029501489256
Naive Fed (K=1.00),1.0,1.0,0.85,123.49001634167831,0.521198359650713,59.127222391155826
Naive Fed (K=1.00),1.0,1.0,0.9,208.7032555052537,0.5414979783976643,95.69086456414762
Naive Fed (K=1.00),1.0,1.0,0.95,366.23453374124216,0.5609369599066751,160.80004777159115
Naive Fed (K=1.00),1.0,1.1,0.0,-13.355551867445802,0.0,-13.355551867445802
Naive Fed (K=1.00),1.0,1.1,0.05,-13.410224386739488,0.051069061111600034,-12.725376818012819
Naive Fed (K=1.00),1.0,1.1,0.1,-13.402335316087594,0.09953007322037988,-12.068399900753313
Naive Fed (K=1.00),1.0,1.1,0.15,-13.309715663903784,0.14551622694024624,-11.372936058845012
Naive Fed (K=1.00),1.0,1.1,0.2,-13.10212123763421,0.1891539109655055,-10.62380376359149
Naive Fed (K=1.00),1.0,1.1,0.25,-12.737719334153384,0.23056305943850997,-9.80087179420192
Naive Fed (K=1.00),1.0,1.1,0.3,-12.157744039979795,0.2698574815775673,-8.876885851686168
Naive Fed (K=1.00),1.0,1.1,0.35,-11.278264935697614,0.30714517447106016,-7.81420028429193
Naive Fed (K=1.00),1.0,1.1,0.4,-9.977371598255028,0.34252861989746464,-6.559836274500572
Naive Fed (K=1.00),1.0,1.1,0.45,-8.074993589146535,0.37610506598704907,-5.03794759245558
Naive Fed (K=1.00),1.0,1.1,0.5,-5.300693330287017,0.4079667944993741,-3.1381864637056105
Naive Fed (K=1.00),1.0,1.1,0.55,-1.2413796285144896,0.4382013744511821,-0.6974053690837424
Naive Fed (K=1.00),1.0,1.1,0.6,4.7454658848242675,0.4668919027917475,2.5298462882253414
Naive Fed (K=1.00),1.0,1.1,0.65,13.679944169843205,0.4941172327871647,6.920448011957374
Naive Fed (K=1.00),1.0,1.1,0.7,27.22209035137972,0.5199521907412623,13.067904836623255
Naive Fed (K=1.00),1.0,1.1,0.75,48.158682430946904,0.5444677816487866,21.93783144064085
Naive Fed (K=1.00),1.0,1.1,0.8,81.36266490327637,0.5677313843460674,35.17052652365408
Naive Fed (K=1.00),1.0,1.1,0.85,135.83901797584613,0.5898069366955249,55.72022289978399
Naive Fed (K=1.00),1.0,1.1,0.9,229.57358105577907,0.6107551113129756,89.3603430035383
Naive Fed (K=1.00),1.0,1.1,0.95,402.8579871153665,0.6306334823207111,148.80225182009073
Naive Fed (K=1.00),1.0,1.2,0.0,-14.569692946304514,0.0,-14.569692946304514
Naive Fed (K=1.00),1.0,1.2,0.05,-14.629335694624896,0.0604772507859882,-13.744593690988657
Naive Fed (K=1.00),1.0,1.2,0.1,-14.62072943573192,0.11729700370934515,-12.90576168087554
Naive Fed (K=1.00),1.0,1.2,0.15,-14.519689815167768,0.17068045418555822,-12.04146256288151
Naive Fed (K=1.00),1.0,1.2,0.2,-14.293223168328224,0.2208354203395001,-11.136773221944178
Naive Fed (K=1.00),1.0,1.2,0.25,-13.895693819076419,0.2679571520271873,-10.172243277874912
Naive Fed (K=1.00),1.0,1.2,0.3,-13.262993498159776,0.3122290909301281,-9.12190109521715
Naive Fed (K=1.00),1.0,1.2,0.35,-12.30356174803376,0.35382358468125374,-7.950271425997302
Naive Fed (K=1.00),1.0,1.2,0.4,-10.884405379914575,0.3929025578024765,-6.607894665987103
Naive Fed (K=1.00),1.0,1.2,0.45,-8.809083915432588,0.4296181420657881,-5.0245416503828215
Naive Fed (K=1.00),1.0,1.2,0.5,-5.7825745421312895,0.4641132687318533,-3.0988049696971367
Naive Fed (K=1.00),1.0,1.2,0.55,-1.3542323220158026,0.49652222497164056,-0.681825876360005
Naive Fed (K=1.00),1.0,1.2,0.6,5.176871874353751,0.5269711766372019,2.448809611425518
Naive Fed (K=1.00),1.0,1.2,0.65,14.923575458010765,0.5555786594167149,6.632355411344957
Naive Fed (K=1.00),1.0,1.2,0.7,29.696825837868776,0.5824560402858152,12.399730251286242
Naive Fed (K=1.00),1.0,1.2,0.75,52.53674447012389,0.6077079510516246,20.609747133262136
Naive Fed (K=1.00),1.0,1.2,0.8,88.75927080357421,0.6314326956772247,32.71376517372856
Naive Fed (K=1.00),1.0,1.2,0.85,148.18801961001398,0.6537226329722687,51.31415725560945
Naive Fed (K=1.00),1.0,1.2,0.9,250.44390660630444,0.6746645361395165,81.47828452679366
Naive Fed (K=1.00),1.0,1.2,0.95,439.4814404894907,0.6943399305769828,134.3319276101453
Naive Fed (K=1.00),1.0,1.3,0.0,-15.78383402516322,0.0,-15.78383402516322
Naive Fed (K=1.00),1.0,1.3,0.05,-15.848447002510307,0.07059777744448148,-14.729581868186424
Naive Fed (K=1.00),1.0,1.3,0.1,-15.839123555376245,0.13621150870886234,-13.681652639272368
Naive Fed (K=1.00),1.0,1.3,0.15,-15.729663966431747,0.1971930563761385,-12.627883453121457
Naive Fed (K=1.00),1.0,1.3,0.2,-15.484325099022243,0.25386944231298014,-11.553328121540584
Naive Fed (K=1.00),1.0,1.3,0.25,-15.053668303999455,0.3065446013690952,-10.439047554607358
Naive Fed (K=1.00),1.0,1.3,0.3,-14.368242956339753,0.355501011269314,-9.260318055197773
Naive Fed (K=1.00),1.0,1.3,0.35,-13.328858560369907,0.4010012074389163,-7.9839701838790385
Naive Fed (K=1.00),1.0,1.3,0.4,-11.791439161574127,0.44328919088565677,-6.564421636262485
Naive Fed (K=1.00),1.0,1.3,0.45,-9.543174241718633,0.48259173668844835,-4.937717210887172
Naive Fed (K=1.00),1.0,1.3,0.5,-6.264455753975568,0.5191196101096529,-3.0124539254225993
Naive Fed (K=1.00),1.0,1.3,0.55,-1.4670850155171267,0.5530686968525471,-0.6556862178131706
Naive Fed (K=1.00),1.0,1.3,0.6,5.608277863883229,0.5846210535251231,2.329560550638189
Naive Fed (K=1.00),1.0,1.3,0.65,16.167206746178326,0.6139458839434796,6.241416709498887
Naive Fed (K=1.00),1.0,1.3,0.7,32.171561324357846,0.6412004465103638,11.543141838244045
Naive Fed (K=1.00),1.0,1.3,0.75,56.914806509300895,0.6665308975348045,18.979329443636832
Naive Fed (K=1.00),1.0,1.3,0.8,96.15587670387207,0.6900730750152533,29.801295186043514
Naive Fed (K=1.00),1.0,1.3,0.85,160.53702124418183,0.7119532270893789,46.2421709020704
Naive Fed (K=1.00),1.0,1.3,0.9,271.3142321568298,0.732288689056924,72.63388876821897
Naive Fed (K=1.00),1.0,1.3,0.95,476.10489386361496,0.7511885126062537,118.46036679764774
Naive Fed (K=1.00),1.0,1.4,0.0,-16.997975104021933,0.0,-16.997975104021933
Naive Fed (K=1.00),1.0,1.4,0.05,-17.067558310395707,0.08140553227769876,-15.678164641457284
Naive Fed (K=1.00),1.0,1.4,0.1,-17.05751767502057,0.1561842038699821,-14.393402856949335
Naive Fed (K=1.00),1.0,1.4,0.15,-16.939638117695715,0.22487547789827633,-13.130328900555034
Naive Fed (K=1.00),1.0,1.4,0.2,-16.675427029716264,0.28797490220146404,-11.873322561666074
Naive Fed (K=1.00),1.0,1.4,0.25,-16.21164278892249,0.34593768428283445,-10.603424624102132
Naive Fed (K=1.00),1.0,1.4,0.3,-15.473492414519736,0.3991819752365745,-9.296753148683596
Naive Fed (K=1.00),1.0,1.4,0.35,-14.35415537270604,0.44809188634447683,-7.922174814868484
Naive Fed (K=1.00),1.0,1.4,0.4,-12.698472943233671,0.49302026010498534,-6.437868509824488
Naive Fed (K=1.00),1.0,1.4,0.45,-10.277264568004684,0.5342912156851483,-4.786212388047561
Naive Fed (K=1.00),1.0,1.4,0.5,-6.746336965819842,0.5722024871586988,-2.8860661747670586
Naive Fed (K=1.00),1.0,1.4,0.55,-1.5799377090184432,0.6070275713986206,-0.620871958551877
Naive Fed (K=1.00),1.0,1.4,0.6,6.039683853412706,0.6390177011193758,2.180218961917105
Naive Fed (K=1.00),1.0,1.4,0.65,17.4108380343459,0.6684036573025804,5.77337021548623
Naive Fed (K=1.00),1.0,1.4,0.7,34.64629681084691,0.6953974340812021,10.553350908168232
Naive Fed (K=1.00),1.0,1.4,0.75,61.29286854847788,0.7201937680929746,17.150126591322223
Naive Fed (K=1.00),1.0,1.4,0.8,103.5524826041699,0.7429715433359834,26.61593478747722
Naive Fed (K=1.00),1.0,1.4,0.85,172.88602287834965,0.763895081661233,40.81924031360695
Naive Fed (K=1.00),1.0,1.4,0.9,292.1845577073551,0.7831153282119829,63.37035189988665
Naive Fed (K=1.00),1.0,1.4,0.95,512.7283472377391,0.8007709403617604,102.15038647004351
Naive Fed (K=1.00),1.0,1.5,0.0,-18.212116182880642,0.0,-18.212116182880642
Naive Fed (K=1.00),1.0,1.5,0.05,-18.286669618281127,0.09287391224980057,-16.58831506881179
Naive Fed (K=1.00),1.0,1.5,0.1,-18.275911794664903,0.17712226092301753,-15.038840977164213
Naive Fed (K=1.00),1.0,1.5,0.15,-18.149612268959707,0.2535461358543676,-13.547848210909953
Naive Fed (K=1.00),1.0,1.5,0.2,-17.866528960410275,0.32287222653155356,-12.097922974572127
Naive Fed (K=1.00),1.0,1.5,0.25,-17.36961727384552,0.385759731946565,-10.669118370272448
Naive Fed (K=1.00),1.0,1.5,0.3,-16.57874187269972,0.4428066287020537,-9.237565075927986
Naive Fed (K=1.00),1.0,1.5,0.35,-15.379452185042197,0.49455535697414965,-7.773461719601787
Naive Fed (K=1.00),1.0,1.5,0.4,-13.605506724893223,0.5414979783976643,-6.2381523382877155
Naive Fed (K=1.00),1.0,1.5,0.45,-11.011354894290733,0.5840808549183159,-4.5798333138244205
Naive Fed (K=1.00),1.0,1.5,0.5,-7.2282181776641075,0.6227088931016442,-2.727142437153707
Naive Fed (K=1.00),1.0,1.5,0.55,-1.6927904025197602,0.6577493942563524,-0.579358540659421
Naive Fed (K=1.00),1.0,1.5,0.6,6.471089842942185,0.6895355469816289,2.0090433685217826
Naive Fed (K=1.00),1.0,1.5,0.65,18.654469322513467,0.7183695953479394,5.253665743868918
Naive Fed (K=1.00),1.0,1.5,0.7,37.12103229733598,0.7445257128364707,9.483469264936257
Naive Fed (K=1.00),1.0,1.5,0.75,65.67093058765488,0.7682526093645767,15.219066804289023
Naive Fed (K=1.00),1.0,1.5,0.8,110.94908850446775,0.7897758961865713,23.324172699768518
Naive Fed (K=1.00),1.0,1.5,0.85,185.2350245125175,0.8093002311569326,35.32427635617701
Naive Fed (K=1.00),1.0,1.5,0.9,313.05488325788053,0.8270112647545209,54.154968317201856
Naive Fed (K=1.00),1.0,1.5,0.95,549.3518006118634,0.8430774053719136,86.20570991562481
Naive Fed (K=1.00),1.0,1.6,0.0,-19.426257261739355,0.0,-19.426257261739355
Naive Fed (K=1.00),1.0,1.6,0.05,-19.505780926166533,0.10497492907202755,-17.458162956947692
Naive Fed (K=1.00),1.0,1.6,0.1,-19.494305914309226,0.198930122410378,-15.616301252470336
Naive Fed (K=1.00),1.0,1.6,0.15,-19.35958642022369,0.28302237599208635,-13.880390273347851
Naive Fed (K=1.00),1.0,1.6,0.2,-19.057630891104303,0.358287051218548,-12.229528515919034
Naive Fed (K=1.00),1.0,1.6,0.25,-18.52759175876855,0.42565082250148256,-10.641307087677028
Naive Fed (K=1.00),1.0,1.6,0.3,-17.6839913308797,0.48594308667196673,-9.090577998871717
Naive Fed (K=1.00),1.0,1.6,0.35,-16.40474899737835,0.5399061746875625,-7.5477237194941775
Naive Fed (K=1.00),1.0,1.6,0.4,-14.512540506552778,0.5882044913662134,-5.976198999464332
Naive Fed (K=1.00),1.0,1.6,0.45,-11.745445220576785,0.6314326956772247,-4.32898708301881
Naive Fed (K=1.00),1.0,1.6,0.5,-7.710099389508384,0.6701230223067765,-2.543384284325394
Naive Fed (K=1.00),1.0,1.6,0.55,-1.80564309602108,0.7047518346426175,-0.533112811390448
Naive Fed (K=1.00),1.0,1.6,0.6,6.902495832471665,0.7357454898596549,1.824015654955573
Naive Fed (K=1.00),1.0,1.6,0.65,19.898100610681034,0.7634855883186011,4.706187559512508
Naive Fed (K=1.00),1.0,1.6,0.7,39.59576778382505,0.7883136719093682,8.38188269008726
Naive Fed (K=1.00),1.0,1.6,0.75,70.04899262683188,0.8105354291862003,13.271802323981724
Naive Fed (K=1.00),1.0,1.6,0.8,118.34569440476562,0.830424459069041,20.068535145538092
Naive Fed (K=1.00),1.0,1.6,0.85,197.58402614668532,0.8482256394506191,29.988189223185316
Naive Fed (K=1.00),1.0,1.6,0.9,333.9252088084059,0.8641581421842428,45.36102073604851
Naive Fed (K=1.00),1.0,1.6,0.95,585.9752539859876,0.8784181315734643,71.2439662313302
Naive Fed (K=1.00),1.0,1.7,0.0,-20.640398340598058,0.0,-20.640398340598058
Naive Fed (K=1.00),1.0,1.7,0.05,-20.72489223405193,0.11767932282301752,-18.286000950368685
Naive Fed (K=1.00),1.0,1.7,0.1,-20.712700033953546,0.221510222625951,-16.124625238247955
Naive Fed (K=1.00),1.0,1.7,0.15,-20.56956057148766,0.31312237245197083,-14.128770965048927
Naive Fed (K=1.00),1.0,1.7,0.2,-20.24873282179832,0.3939536665241037,-12.271670284183912
Naive Fed (K=1.00),1.0,1.7,0.25,-19.685566243691593,0.4652727886469198,-10.526407941395536
Naive Fed (K=1.00),1.0,1.7,0.3,-18.789240789059676,0.5281991247739908,-8.864780249110588
Naive Fed (K=1.00),1.0,1.7,0.35,-17.430045809714485,0.5837203322778945,-7.255773678049023
Naive Fed (K=1.00),1.0,1.7,0.4,-15.419574288212322,0.6327078416804226,-5.663488720686566
Naive Fed (K=1.00),1.0,1.7,0.45,-12.479535546862827,0.6759305341496751,-4.044236418731979
Naive Fed (K=1.00),1.0,1.7,0.5,-8.19198060135266,0.7140668094385583,-2.342359150362204
Naive Fed (K=1.00),1.0,1.7,0.55,-1.9184957895223953,0.7477152336764536,-0.48400726195236504
Naive Fed (K=1.00),1.0,1.7,0.6,7.333901822001149,0.7774039341359718,1.6324976930104844
Naive Fed (K=1.00),1.0,1.7,0.65,21.14173189884859,0.8035988884299183,4.152259645450516
Naive Fed (K=1.00),1.0,1.7,0.7,42.0705032703141,0.8267112382411734,7.290345418283394
Naive Fed (K=1.00),1.0,1.7,0.75,74.42705466600883,0.8471037423777914,11.379618124276288
Naive Fed (K=1.00),1.0,1.7,0.8,125.74230030506345,0.8650964704369466,16.963080126530468
Naive Fed (K=1.00),1.0,1.7,0.85,209.93302778085314,0.8809718264423616,24.98794486617991
Naive Fed (K=1.00),1.0,1.7,0.9,354.79553435893126,0.8949789813034851,37.26098844734932
Naive Fed (K=1.00),1.0,1.7,0.95,622.5987073601116,0.9073377836658745,57.691376110749566
Naive Fed (K=1.00),1.0,1.8,0.0,-21.854539419456774,0.0,-21.854539419456774
Naive Fed (K=1.00),1.0,1.8,0.05,-21.94400354193735,0.13095667957148838,-19.070289701580254
Naive Fed (K=1.00),1.0,1.8,0.1,-21.931094153597876,0.2447637072185872,-16.563158245203375
Naive Fed (K=1.00),1.0,1.8,0.15,-21.77953472275165,0.3436669444131215,-14.294628573844108
Naive Fed (K=1.00),1.0,1.8,0.2,-21.43983475249234,0.4296181420657882,-12.228892779929064
Naive Fed (K=1.00),1.0,1.8,0.25,-20.843540728614634,0.504313456268669,-10.331862662890217
Naive Fed (K=1.00),1.0,1.8,0.3,-19.894490247239673,0.5692269201439915,-8.570010835968759
Naive Fed (K=1.00),1.0,1.8,0.35,-18.455342622050633,0.6256395323307179,-6.90895069498771
Naive Fed (K=1.00),1.0,1.8,0.4,-16.326608069871874,0.6746645361395166,-5.311624609680077
Naive Fed (K=1.00),1.0,1.8,0.45,-13.213625873148885,0.7172693882335355,-3.735896526768568
Naive Fed (K=1.00),1.0,1.8,0.5,-8.673861813196943,0.7542948503636873,-2.1312125147362537
Naive Fed (K=1.00),1.0,1.8,0.55,-2.031348483023726,0.7864715809136744,-0.4337506301934619
Naive Fed (K=1.00),1.0,1.8,0.6,7.76530781153062,0.8144345536713689,1.4409728099258856
Naive Fed (K=1.00),1.0,1.8,0.65,22.38536318701614,0.8387355883657677,3.6099624235727616
Naive Fed (K=1.00),1.0,1.8,0.7,44.545238756803165,0.8598542402464364,6.242826328976066
Naive Fed (K=1.00),1.0,1.8,0.75,78.80511670518587,0.8782072635997866,9.597890805862754
Naive Fed (K=1.00),1.0,1.8,0.8,133.1389062053613,0.8941568359546841,14.091843090307986
Naive Fed (K=1.00),1.0,1.8,0.85,222.282029415021,0.908017705273399,20.44601114207946
Naive Fed (K=1.00),1.0,1.8,0.9,375.6658599094566,0.9200634011701607,30.02945113764883
Naive Fed (K=1.00),1.0,1.8,0.95,659.222160734236,0.9305316327291545,45.79508717496624
Naive Fed (K=1.00),1.0,1.9,0.0,-23.06868049831548,0.0,-23.06868049831548
Naive Fed (K=1.00),1.0,1.9,0.05,-23.16311484982275,0.14477555234110007,-19.809662103499324
Naive Fed (K=1.00),1.0,1.9,0.1,-23.149488273242216,0.2685911441265295,-16.931740731988413
Naive Fed (K=1.00),1.0,1.9,0.15,-22.989508874015627,0.37448126522278324,-14.380368504023853
Naive Fed (K=1.00),1.0,1.9,0.2,-22.630936683186356,0.4650410855498609,-12.106621321027204
Naive Fed (K=1.00),1.0,1.9,0.25,-22.001515213537658,0.5424900578691751,-10.065911952136076
Naive Fed (K=1.00),1.0,1.9,0.3,-20.99973970541965,0.60872631244271,-8.216645592282784
Naive Fed (K=1.00),1.0,1.9,0.35,-19.48063943438678,0.6653731766753557,-6.5187444902616445
Naive Fed (K=1.00),1.0,1.9,0.4,-17.233641851531413,0.7138189598503288,-4.9319415506381645
Naive Fed (K=1.00),1.0,1.9,0.45,-13.947716199434934,0.755250978007548,-3.413689898839979
Naive Fed (K=1.00),1.0,1.9,0.5,-9.155743025041206,0.7906846528514493,-1.9164375296894218
Naive Fed (K=1.00),1.0,1.9,0.55,-2.1442011765250326,0.8209883978483499,-0.38383688794519927
Naive Fed (K=1.00),1.0,1.9,0.6,8.196713801060115,0.8469049014253203,1.2548767073617362
Naive Fed (K=1.00),1.0,1.9,0.65,23.628994475183713,0.8690693288821847,3.0937601044749536
Naive Fed (K=1.00),1.0,1.9,0.7,47.01997424329225,0.8880248891116572,5.265066829859672
Naive Fed (K=1.00),1.0,1.9,0.75,83.18317874436285,0.9042361476389731,7.965941648196076
Naive Fed (K=1.00),1.0,1.9,0.8,140.53551210565917,0.9181004122588523,11.509800504444557
Naive Fed (K=1.00),1.0,1.9,0.85,234.63103104918878,0.9299574703105853,16.43415095832079
Naive Fed (K=1.00),1.0,1.9,0.9,396.53618545998194,0.9400979162337383,23.753343797777728
Naive Fed (K=1.00),1.0,1.9,0.95,695.8456141083601,0.9487702734973816,35.64798049881781
Naive Fed (K=1.00),1.0,2.0,0.0,-24.282821577174182,0.0,-24.282821577174182
Naive Fed (K=1.00),1.0,2.0,0.05,-24.382226157708168,0.1591035847462855,-20.502926571922146
Naive Fed (K=1.00),1.0,2.0,0.1,-24.36788239288652,0.2928932188134524,-17.230694883166336
Naive Fed (K=1.00),1.0,2.0,0.15,-24.19948302527961,0.4053964424986395,-14.389098696525041
Naive Fed (K=1.00),1.0,2.0,0.2,-23.822038613880384,0.5,-11.911019306940192
Naive Fed (K=1.00),1.0,2.0,0.25,-23.159489698460703,0.5795517923731427,-9.73736593327047
Naive Fed (K=1.00),1.0,2.0,0.3,-22.10498916359962,0.6464466094067263,-7.8152938678182196
Naive Fed (K=1.00),1.0,2.0,0.35,-20.505936246722936,0.7026982212493196,-6.0964513210987805
Naive Fed (K=1.00),1.0,2.0,0.4,-18.140675633190966,0.75,-4.5351689082977416
Naive Fed (K=1.00),1.0,2.0,0.45,-14.68180652572098,0.7897758961865713,-3.0864696192318424
Naive Fed (K=1.00),1.0,2.0,0.5,-9.637624236885475,0.823223304703363,-1.7037073631073871
Naive Fed (K=1.00),1.0,2.0,0.55,-2.257053870026355,0.8513491106246598,-0.3355130651474712
Naive Fed (K=1.00),1.0,2.0,0.6,8.628119790589581,0.875,1.0785149738236977
Naive Fed (K=1.00),1.0,2.0,0.65,24.872625763351277,0.8948879480932856,2.61441273029366
Naive Fed (K=1.00),1.0,2.0,0.7,49.49470972978131,0.9116116523516815,4.374755610348522
Naive Fed (K=1.00),1.0,2.0,0.75,87.56124078353984,0.9256745553123299,6.508028158640754
Naive Fed (K=1.00),1.0,2.0,0.8,147.93211800595702,0.9375,9.245757375372314
Naive Fed (K=1.00),1.0,2.0,0.85,246.98003268335663,0.9474439740466428,12.980289007667494
Naive Fed (K=1.00),1.0,2.0,0.9,417.4065110105074,0.9558058261758408,18.446935902934204
Naive Fed (K=1.00),1.0,2.0,0.95,732.4690674824843,0.9628372776561649,27.220544580299386
Naive Fed (K=1.00),1.0,2.1,0.0,-25.496962656032892,0.0,-25.496962656032892
Naive Fed (K=1.00),1.0,2.1,0.05,-25.60133746559356,0.17390763662158348,-21.149069372600582
Naive Fed (K=1.00),1.0,2.1,0.1,-25.586276512530862,0.31757140716786225,-17.460806676260415
Naive Fed (K=1.00),1.0,2.1,0.15,-25.40945717654359,0.4362509509102922,-14.3245573211621
Naive Fed (K=1.00),1.0,2.1,0.2,-25.01314054457439,0.5342912156851484,-11.648839274910266
Naive Fed (K=1.00),1.0,2.1,0.25,-24.31746418338373,0.615281529719255,-9.355377621738196
Naive Fed (K=1.00),1.0,2.1,0.3,-23.21023862177961,0.6821870096504503,-7.376515343114389
Naive Fed (K=1.00),1.0,2.1,0.35,-21.531233059059094,0.7374571156897786,-5.6528720300809665
Naive Fed (K=1.00),1.0,2.1,0.4,-19.04770941485052,0.7831153282119829,-4.131156204753378
Naive Fed (K=1.00),1.0,2.1,0.45,-15.415896852007021,0.8208332289020849,-2.7620164625526122
Naive Fed (K=1.00),1.0,2.1,0.5,-10.119505448729765,0.8519916986248435,-1.4977708122231337
Naive Fed (K=1.00),1.0,2.1,0.55,-2.3699065635276675,0.877731472517372,-0.289764985793943
Naive Fed (K=1.00),1.0,2.1,0.6,9.059525780119058,0.898994903165077,0.9150582786994066
Naive Fed (K=1.00),1.0,2.1,0.65,26.116257051518843,0.9165604608423726,2.1791284529008683
Naive Fed (K=1.00),1.0,2.1,0.7,51.96944521627037,0.9310712338980697,3.5821897337593827
Naive Fed (K=1.00),1.0,2.1,0.75,91.93930282271681,0.9430584727060983,5.235164321062021
Naive Fed (K=1.00),1.0,2.1,0.8,155.32872390625488,0.9529610391434041,7.30650176373131
Naive Fed (K=1.00),1.0,2.1,0.85,259.3290343175245,0.9611414736551099,10.077144112022424
Naive Fed (K=1.00),1.0,2.1,0.9,438.2768365610328,0.9678992681343472,14.069007213372235
Naive Fed (K=1.00),1.0,2.1,0.95,769.0925208566088,0.973481830546926,20.39492579316736
Naive Fed (K=1.00),1.0,2.2,0.0,-26.711103734891605,0.0,-26.711103734891605
Naive Fed (K=1.00),1.0,2.2,0.05,-26.820448773478976,0.1891539109655055,-21.74725599412543
Naive Fed (K=1.00),1.0,2.2,0.1,-26.80467063217519,0.34252861989746464,-17.62330379373012
Naive Fed (K=1.00),1.0,2.2,0.15,-26.61943132780757,0.4668919027917475,-14.19103438393324
Naive Fed (K=1.00),1.0,2.2,0.2,-26.20424247526842,0.5677313843460674,-11.327271619044259
Naive Fed (K=1.00),1.0,2.2,0.25,-25.47543866830677,0.6494966835846536,-8.929225740377278
Naive Fed (K=1.00),1.0,2.2,0.3,-24.31548807995959,0.7157957566909965,-6.91056489045401
Naive Fed (K=1.00),1.0,2.2,0.35,-22.556529871395227,0.7695541008258866,-5.198059808461422
Naive Fed (K=1.00),1.0,2.2,0.4,-19.954743196510055,0.8131438439206327,-3.7286666092507765
Naive Fed (K=1.00),1.0,2.2,0.45,-16.14998717829307,0.8484884166310259,-2.446910128771813
Naive Fed (K=1.00),1.0,2.2,0.5,-10.601386660574034,0.8771474251818436,-1.3024076478943765
Naive Fed (K=1.00),1.0,2.2,0.55,-2.482759257028979,0.9003854701808803,-0.24731889604300863
Naive Fed (K=1.00),1.0,2.2,0.6,9.490931769648535,0.9192279480851567,0.7666020336182867
Naive Fed (K=1.00),1.0,2.2,0.65,27.35988833968641,0.9345062976015582,1.7919003845740187
Naive Fed (K=1.00),1.0,2.2,0.7,54.44418070275944,0.9468946875538343,2.891275227095544
Naive Fed (K=1.00),1.0,2.2,0.75,96.31736486189381,0.9569397650960717,4.147448356280517
Naive Fed (K=1.00),1.0,2.2,0.8,162.72532980655274,0.9650847769352431,5.681591188481926
Naive Fed (K=1.00),1.0,2.2,0.85,271.67803595169227,0.9716891279301749,7.691442120009698
Naive Fed (K=1.00),1.0,2.2,0.9,459.14716211155815,0.9770442401050264,10.54007200989143
Naive Fed (K=1.00),1.0,2.2,0.95,805.715974230733,0.9813864118683457,14.997265295425418
Naive Fed (K=1.00),1.0,2.3,0.0,-27.925244813750325,0.0,-27.925244813750325
Naive Fed (K=1.00),1.0,2.3,0.05,-28.03956008136438,0.20480808152314345,-22.296831574347227
Naive Fed (K=1.00),1.0,2.3,0.1,-28.02306475181952,0.3676698127890964,-17.71982978074131
Naive Fed (K=1.00),1.0,2.3,0.15,-27.829405479071536,0.4971761453209317,-13.993288936413533
Naive Fed (K=1.00),1.0,2.3,0.2,-27.39534440596243,0.6001585343418236,-10.95379465949054
Naive Fed (K=1.00),1.0,2.3,0.25,-26.633413153229796,0.6820492978366766,-8.468112413075309
Naive Fed (K=1.00),1.0,2.3,0.3,-25.42073753813957,0.7471681711656832,-6.427171562084994
Naive Fed (K=1.00),1.0,2.3,0.35,-23.581826683731364,0.7989501729772274,-4.741122175645195
Naive Fed (K=1.00),1.0,2.3,0.4,-20.8617769781696,0.8401268023403213,-3.3352389943630425
Naive Fed (K=1.00),1.0,2.3,0.45,-16.88407750457912,0.8728701252399704,-2.1464706585957765
Naive Fed (K=1.00),1.0,2.3,0.5,-11.083267872418304,0.8989073509938496,-1.1204369088675274
Naive Fed (K=1.00),1.0,2.3,0.55,-2.5956119505303166,0.9196119424928918,-0.20865620274536836
Naive Fed (K=1.00),1.0,2.3,0.6,9.92233775917801,0.9360760663282948,0.6342748607859514
Naive Fed (K=1.00),1.0,2.3,0.65,28.60351962785397,0.9491682045470093,1.4539682589586764
Naive Fed (K=1.00),1.0,2.3,0.7,56.91891618924849,0.9595789670541133,2.3007213865297786
Naive Fed (K=1.00),1.0,2.3,0.75,100.69542690107082,0.9678575212649441,3.236600617885048
Naive Fed (K=1.00),1.0,2.3,0.8,170.12193570685054,0.9744405606700693,4.34822129438961
Naive Fed (K=1.00),1.0,2.3,0.85,284.02703758586006,0.9796753404040396,5.77275285498166
Naive Fed (K=1.00),1.0,2.3,0.9,480.0174876620835,0.9838379949434992,7.758045062803396
Naive Fed (K=1.00),1.0,2.3,0.95,842.3394276048571,0.9871481041926885,10.82565855796803
Naive Fed (K=1.00),1.0,2.4,0.0,-29.139385892609027,0.0,-29.139385892609027
Naive Fed (K=1.00),1.0,2.4,0.05,-29.25867138924979,0.2208354203395001,-22.79732039442951
Naive Fed (K=1.00),1.0,2.4,0.1,-29.24145887146384,0.3929025578024765,-17.75241488698978
Naive Fed (K=1.00),1.0,2.4,0.15,-29.039379630335535,0.5269711766372019,-13.736463577723224
Naive Fed (K=1.00),1.0,2.4,0.2,-28.586446336656447,0.6314326956772247,-10.536029466469142
Naive Fed (K=1.00),1.0,2.4,0.25,-27.791387638152838,0.7128254112507412,-7.980980315757777
Naive Fed (K=1.00),1.0,2.4,0.3,-26.525986996319553,0.7762437322680068,-5.935355848203848
Naive Fed (K=1.00),1.0,2.4,0.35,-24.60712349606752,0.8256570417061992,-4.290078705405304
Naive Fed (K=1.00),1.0,2.4,0.4,-21.76881075982915,0.8641581421842427,-2.9571156960548395
Naive Fed (K=1.00),1.0,2.4,0.45,-17.618167830865175,0.8941568359546841,-1.8647626279001703
Naive Fed (K=1.00),1.0,2.4,0.5,-11.565149084262579,0.9175307555766941,-0.9537691066220235
Naive Fed (K=1.00),1.0,2.4,0.55,-2.708464644031605,0.9357428858339958,-0.17403812184612483
Naive Fed (K=1.00),1.0,2.4,0.6,10.353743748707503,0.9499331326506486,0.5183795148357148
Naive Fed (K=1.00),1.0,2.4,0.65,29.84715091602153,0.9609896703468246,1.1643471964420764
Naive Fed (K=1.00),1.0,2.4,0.7,59.39365167573755,0.969604532893366,1.8052977858527575
Naive Fed (K=1.00),1.0,2.4,0.75,105.07348894024778,0.976316928648275,2.488462935746574
Naive Fed (K=1.00),1.0,2.4,0.8,177.51854160714842,0.9815469896651636,3.2757514829017906
Naive Fed (K=1.00),1.0,2.4,0.85,296.37603922002796,0.9856220679589863,4.2612745504903655
Naive Fed (K=1.00),1.0,2.4,0.9,500.8878132126089,0.9887972246248763,5.611333659557778
Naive Fed (K=1.00),1.0,2.4,0.95,878.9628809789814,0.9912711942338108,7.672296263755581
Naive Fed (K=1.00),1.0,2.5,0.0,-30.353526971467748,0.0,-30.353526971467748
Naive Fed (K=1.00),1.0,2.5,0.05,-30.477782697135208,0.2372009246277309,-23.248424460771677
Naive Fed (K=1.00),1.0,2.5,0.1,-30.459852991108157,0.41813757061121126,-17.723444060231554
Naive Fed (K=1.00),1.0,2.5,0.15,-30.249353781599506,0.5561558768683696,-13.4259979044925
Naive Fed (K=1.00),1.0,2.5,0.2,-29.77754826735047,0.6614361132657769,-10.081602478810105
Naive Fed (K=1.00),1.0,2.5,0.25,-28.94936212307588,0.7417437802446929,-7.476352826233048
Naive Fed (K=1.00),1.0,2.5,0.3,-27.631236454499536,0.8030023943615141,-5.443287422367255
Naive Fed (K=1.00),1.0,2.5,0.35,-25.632420308403667,0.8497304085684121,-3.8517733271465557
Naive Fed (K=1.00),1.0,2.5,0.4,-22.675844541488715,0.8853744945994161,-2.599230140953216
Naive Fed (K=1.00),1.0,2.5,0.45,-18.352258157151223,0.9125637704663555,-1.6046522566893737
Naive Fed (K=1.00),1.0,2.5,0.5,-12.047030296106868,0.9333037249576985,-0.8034920460720821
Naive Fed (K=1.00),1.0,2.5,0.55,-2.8213173375329377,0.9491241430669579,-0.14353693722703695
Naive Fed (K=1.00),1.0,2.5,0.6,10.785149738236973,0.9611919433727036,0.41855070177537096
Naive Fed (K=1.00),1.0,2.5,0.65,31.090782204189093,0.9703972502877036,0.9203726439501279
Naive Fed (K=1.00),1.0,2.5,0.7,61.86838716222664,0.9774190498909836,1.3970469638355503
Naive Fed (K=1.00),1.0,2.5,0.75,109.45155097942478,0.982775272135815,1.8852731799335687
Naive Fed (K=1.00),1.0,2.5,0.8,184.91514750744625,0.9868609935116607,2.4296013228925593
Naive Fed (K=1.00),1.0,2.5,0.85,308.72504085419575,0.9899775779993846,3.094172641597988
Naive Fed (K=1.00),1.0,2.5,0.9,521.7581387631342,0.9923549057649398,3.9888901387537836
Naive Fed (K=1.00),1.0,2.5,0.95,915.5863343531055,0.9941683291863622,5.339398103412607
Naive Fed (K=1.00),1.0,2.6,0.0,-31.56766805032644,0.0,-31.56766805032644
Naive Fed (K=1.00),1.0,2.6,0.05,-31.696894005020614,0.25386944231298014,-23.650021200912388
Naive Fed (K=1.00),1.0,2.6,0.1,-31.67824711075249,0.44328919088565677,-17.635622580351125
Naive Fed (K=1.00),1.0,2.6,0.15,-31.459327932863495,0.5846210535251231,-13.067542493560508
Naive Fed (K=1.00),1.0,2.6,0.2,-30.968650198044486,0.6900730750152533,-9.598018526808195
Naive Fed (K=1.00),1.0,2.6,0.25,-30.10733660799891,0.7687540506189078,-6.96219963725282
Naive Fed (K=1.00),1.0,2.6,0.3,-28.736485912679505,0.8274603308254214,-4.958183772613661
Naive Fed (K=1.00),1.0,2.6,0.35,-26.657717120739814,0.8712628804156377,-3.4318377168187837
Naive Fed (K=1.00),1.0,2.6,0.4,-23.582878323148254,0.9039453011694992,-2.2652462748863504
Naive Fed (K=1.00),1.0,2.6,0.45,-19.086348483437266,0.9283306539931397,-1.3679061134669779
Naive Fed (K=1.00),1.0,2.6,0.5,-12.528911507951136,0.9465253108948374,-0.6699796477137812
Naive Fed (K=1.00),1.0,2.6,0.55,-2.9341700310342533,0.960100900395825,-0.11707074232382103
Naive Fed (K=1.00),1.0,2.6,0.6,11.216555727766458,0.970230062561127,0.3339161622952403
Naive Fed (K=1.00),1.0,2.6,0.65,32.33441349235665,0.977787739976426,0.718220400201986
Naive Fed (K=1.00),1.0,2.6,0.7,64.34312264871569,0.9834267540411216,1.0663743974194468
Naive Fed (K=1.00),1.0,2.6,0.75,113.82961301860179,0.9876341947500179,1.4075948262688567
Naive Fed (K=1.00),1.0,2.6,0.8,192.31175340774413,0.9907734948325818,1.7743653865718032
Naive Fed (K=1.00),1.0,2.6,0.85,321.07404248836366,0.993115822553932,2.2103306818162562
Naive Fed (K=1.00),1.0,2.6,0.9,542.6284643136596,0.9948635048429489,2.787208479025165
Naive Fed (K=1.00),1.0,2.6,0.95,952.2097877272299,0.9961675040039129,3.649340198899602
Naive Fed (K=1.00),1.0,2.7,0.0,-32.78180912918517,0.0,-32.78180912918517
Naive Fed (K=1.00),1.0,2.7,0.05,-32.91600531290603,0.2708057956330433,-24.00216030508303
Naive Fed (K=1.00),1.0,2.7,0.1,-32.89664123039682,0.46827581231764104,-17.491939835710745
Naive Fed (K=1.00),1.0,2.7,0.15,-32.669302084127466,0.6122698040202958,-12.6668748995989
Naive Fed (K=1.00),1.0,2.7,0.2,-32.15975212873851,0.7172693882335355,-9.092546393616098
Naive Fed (K=1.00),1.0,2.7,0.25,-31.26531109292195,0.79383447650277,-6.445829228776008
Naive Fed (K=1.00),1.0,2.7,0.3,-29.841735370859492,0.8496652951255401,-4.486248479919892
Naive Fed (K=1.00),1.0,2.7,0.35,-27.683013933075962,0.890376804490327,-3.034700448682589
Naive Fed (K=1.00),1.0,2.7,0.4,-24.489912104807807,0.9200634011701607,-1.9576402793000465
Naive Fed (K=1.00),1.0,2.7,0.45,-19.82043880972332,0.9417106954164747,-1.1553195947590889
Naive Fed (K=1.00),1.0,2.7,0.5,-13.0107927197954,0.9574957769211131,-0.5530136361953414
Naive Fed (K=1.00),1.0,2.7,0.55,-3.0470227245355654,0.9690061668697554,-0.09443891386831864
Naive Fed (K=1.00),1.0,2.7,0.6,11.647961717295946,0.9773994765103091,0.26325003239876715
Naive Fed (K=1.00),1.0,2.7,0.65,33.57804478052421,0.9835198292556581,0.5533719112441986
Naive Fed (K=1.00),1.0,2.7,0.7,66.81785813520477,0.987982755006248,0.8029665711685214
Naive Fed (K=1.00),1.0,2.7,0.75,118.20767505777879,0.9912370945980983,1.035842674310053
Naive Fed (K=1.00),1.0,2.7,0.8,199.708359308042,0.9936101401675174,1.2761084233534674
Naive Fed (K=1.00),1.0,2.7,0.85,333.4230441225315,0.9953405512434365,1.5535675883463613
Naive Fed (K=1.00),1.0,2.7,0.9,563.4987898641849,0.9966023569711691,1.9145677351367205
Naive Fed (K=1.00),1.0,2.7,0.95,988.833241101354,0.9975224583948686,2.4498754953654953
Naive Fed (K=1.00),1.0,2.8,0.0,-33.995950208043865,0.0,-33.995950208043865
Naive Fed (K=1.00),1.0,2.8,0.05,-34.135116620791415,0.28797490220146404,-24.305059750283437
Naive Fed (K=1.00),1.0,2.8,0.1,-34.11503535004114,0.49302026010498534,-17.295631748273088
Naive Fed (K=1.00),1.0,2.8,0.15,-33.87927623539143,0.6390177011193758,-12.229819019863296
Naive Fed (K=1.00),1.0,2.8,0.2,-33.35085405943253,0.7429715433359834,-8.572118547322797
Naive Fed (K=1.00),1.0,2.8,0.25,-32.42328557784498,0.8169892880067967,-5.933808578760369
Naive Fed (K=1.00),1.0,2.8,0.3,-30.946984829039472,0.8696917798948598,-4.03264651069291
Naive Fed (K=1.00),1.0,2.8,0.35,-28.70831074541208,0.9072172768356843,-2.6636352484067185
Naive Fed (K=1.00),1.0,2.8,0.4,-25.396945886467343,0.9339363724649137,-1.6778143735723212
Naive Fed (K=1.00),1.0,2.8,0.45,-20.554529136009368,0.9529610391434041,-0.9668636914545039
Naive Fed (K=1.00),1.0,2.8,0.5,-13.492673931639684,0.9665070792957409,-0.45190905808083226
Naive Fed (K=1.00),1.0,2.8,0.55,-3.1598754180368864,0.9761521998599912,-0.07535607743667029
Naive Fed (K=1.00),1.0,2.8,0.6,12.079367706825412,0.9830197677730304,0.20511046881685333
Naive Fed (K=1.00),1.0,2.8,0.65,34.8216760686918,0.98790964848795,0.4210063039092217
Naive Fed (K=1.00),1.0,2.8,0.7,69.29259362169383,0.9913913662822139,0.5965145578445624
Naive Fed (K=1.00),1.0,2.8,0.75,122.58573709695575,0.9938704367351816,0.7513970309001854
Naive Fed (K=1.00),1.0,2.8,0.8,207.1049652083398,0.9956355971169054,0.9038895072584823
Naive Fed (K=1.00),1.0,2.8,0.85,345.7720457566993,0.9968924356103324,1.074508896336048
Naive Fed (K=1.00),1.0,2.8,0.9,584.3691154147102,0.9977873361615316,1.2930124099959017
Naive Fed (K=1.00),1.0,2.8,0.95,1025.4566944754781,0.9984245278140192,1.6155785000738787
Naive Fed (K=1.00),1.0,2.9,0.0,-35.21009128690257,0.0,-35.21009128690257
Naive Fed (K=1.00),1.0,2.9,0.05,-35.354227928676835,0.3053418929666206,-24.559101048561285
Naive Fed (K=1.00),1.0,2.9,0.1,-35.33342946968546,0.5174501143328021,-17.05014235082672
Naive Fed (K=1.00),1.0,2.9,0.15,-35.08925038665543,0.6647928098732505,-11.762169025764724
Naive Fed (K=1.00),1.0,2.9,0.2,-34.541955990126546,0.7671456078425741,-8.043246166009473
Naive Fed (K=1.00),1.0,2.9,0.25,-33.581260062768,0.8382458087295144,-5.4319095632968954
Naive Fed (K=1.00),1.0,2.9,0.3,-32.052234287219456,0.8876361396873292,-3.601512776158123
Naive Fed (K=1.00),1.0,2.9,0.35,-29.73360755774827,0.9219455334962371,-2.320840875152294
Naive Fed (K=1.00),1.0,2.9,0.4,-26.303979668126892,0.9457788320529957,-1.4262324992600939
Naive Fed (K=1.00),1.0,2.9,0.45,-21.28861946229542,0.9623348261127951,-0.8018395538658918
Naive Fed (K=1.00),1.0,2.9,0.5,-13.974555143483952,0.9738355816064311,-0.36563610763811394
Naive Fed (K=1.00),1.0,2.9,0.55,-3.272728111538198,0.9818246746470941,-0.059482898218808034
Naive Fed (K=1.00),1.0,2.9,0.6,12.510773696354896,0.9873743628956346,0.1579564885850167
Naive Fed (K=1.00),1.0,2.9,0.65,36.06530735685934,0.9912294988289911,0.3163108204061293
Naive Fed (K=1.00),1.0,2.9,0.7,71.76732910818289,0.9939075002588129,0.4372424340172926
Naive Fed (K=1.00),1.0,2.9,0.75,126.96379913613276,0.9957677956626857,0.5373367413858433
Naive Fed (K=1.00),1.0,2.9,0.8,214.50157110863762,0.9970600649464627,0.6306206879411055
Naive Fed (K=1.00),1.0,2.9,0.85,358.12104739086715,0.9979577502809087,0.7313726084346743
Naive Fed (K=1.00),1.0,2.9,0.9,605.2394409652356,0.9985813346760466,0.858632207586324
Naive Fed (K=1.00),1.0,2.9,0.95,1062.080147849602,0.9990145126315486,1.0466665699887652
Naive Fed (K=1.00),1.0,3.0,0.0,-36.424232365761284,0.0,-36.424232365761284
Naive Fed (K=1.00),1.0,3.0,0.05,-36.573339236562255,0.32287222653155356,-24.76482376555957
Naive Fed (K=1.00),1.0,3.0,0.1,-36.55182358932981,0.5414979783976643,-16.75908500895966
Naive Fed (K=1.00),1.0,3.0,0.15,-36.299224537919415,0.6895355469816289,-11.269618891156187
Naive Fed (K=1.00),1.0,3.0,0.2,-35.73305792082055,0.7897758961865713,-7.51195007791784
Naive Fed (K=1.00),1.0,3.0,0.25,-34.73923454769104,0.8576514206554136,-4.945080685382197
Naive Fed (K=1.00),1.0,3.0,0.3,-33.15748374539944,0.9036118234120036,-3.1959893984651804
Naive Fed (K=1.00),1.0,3.0,0.35,-30.758904370084394,0.9347328885982866,-2.0075448381169463
Naive Fed (K=1.00),1.0,3.0,0.4,-27.211013449786446,0.9558058261758408,-1.2025682583313972
Naive Fed (K=1.00),1.0,3.0,0.45,-22.022709788581466,0.9700748974781696,-0.6590318482318194
Naive Fed (K=1.00),1.0,3.0,0.5,-14.456436355328215,0.979736881958578,-0.2929324763263201
Naive Fed (K=1.00),1.0,3.0,0.55,-3.3855808050395204,0.9862792799970836,-0.0464526062731954
Naive Fed (K=1.00),1.0,3.0,0.6,12.94217968588437,0.9907093194140413,0.12024165754763526
Naive Fed (K=1.00),1.0,3.0,0.65,37.308938645026934,0.9937090221408232,0.23470970696524865
Naive Fed (K=1.00),1.0,3.0,0.7,74.24206459467196,0.9957402041692763,0.3162560372247008
Naive Fed (K=1.00),1.0,3.0,0.75,131.34186117530976,0.9971155739337119,0.3788458879688613
Naive Fed (K=1.00),1.0,3.0,0.8,221.8981770089355,0.998046875,0.43339487697057716
Naive Fed (K=1.00),1.0,3.0,0.85,370.470049025035,0.9986774848174444,0.48995226451770785
Naive Fed (K=1.00),1.0,3.0,0.9,626.1097665157611,0.999104488239058,0.5606886595555431
Naive Fed (K=1.00),1.0,3.0,0.95,1098.7036012237268,0.9993936241151985,0.6662273683266341
Filter Fed (K=0.025),0.025,0.1,0.0,0.27151794929667966,0.0,0.27151794929667966
Filter Fed (K=0.025),0.025,0.1,0.05,0.29120974232624885,0.00043312316291999053,0.2910836126415794
Filter Fed (K=0.025),0.025,0.1,0.1,0.31362500701997537,0.0008660587301657641,0.3133533893446474
Filter Fed (K=0.025),0.025,0.1,0.15,0.3393225219226745,0.0012988067829893257,0.33888180752958025
Filter Fed (K=0.025),0.025,0.1,0.2,0.3690149956409852,0.0017313674026074866,0.3683760951064591
Filter Fed (K=0.025),0.025,0.1,0.25,0.4036227557199381,0.0021637406702019746,0.4027494207479679
Filter Fed (K=0.025),0.025,0.1,0.3,0.44435003083141866,0.0025959266669191017,0.44319653073693704
Filter Fed (K=0.025),0.025,0.1,0.35,0.49279486155432506,0.0030279254738704298,0.4913027154396323
Filter Fed (K=0.025),0.025,0.1,0.4,0.5511098738574168,0.0034597371721322157,0.5492031785409033
Filter Fed (K=0.025),0.025,0.1,0.45,0.622241418456178,0.0038913618427453,0.6198200519434219
Filter Fed (K=0.025),0.025,0.1,0.5,0.7102920664162731,0.004322799566715996,0.707221616179327
Filter Fed (K=0.025),0.025,0.1,0.55,0.821082162912354,0.004754050425014977,0.8171786969067883
Filter Fed (K=0.025),0.025,0.1,0.6,0.9630419849402337,0.0051851144985782804,0.9580485019813806
Filter Fed (K=0.025),0.025,0.1,0.65,1.1486716824792158,0.005615991868306525,1.1422207516510585
Filter Fed (K=0.025),0.025,0.1,0.7,1.3970152627888412,0.0060466826150655795,1.3885679548863548
Filter Fed (K=0.025),0.025,0.1,0.75,1.7380310626250242,0.0064771868196862314,1.726773510733984
Filter Fed (K=0.025),0.025,0.1,0.8,2.2207092419739602,0.006907504562964073,2.205369682752009
Filter Fed (K=0.025),0.025,0.1,0.85,2.9291006844260528,0.007337635925659947,2.907608010014133
Filter Fed (K=0.025),0.025,0.1,0.9,4.01647630604272,0.007767580988499501,3.985278001047144
Filter Fed (K=0.025),0.025,0.1,0.95,5.785588493680529,0.008197339832173522,5.738162058668717
Filter Fed (K=0.025),0.025,0.2,0.0,0.5430358985933593,0.0,0.5430358985933593
Filter Fed (K=0.025),0.025,0.2,0.05,0.5824194846524977,0.0017313674026074866,0.5814111025421269
Filter Fed (K=0.025),0.025,0.2,0.1,0.6272500140399507,0.0034597371721322157,0.6250798938501563
Filter Fed (K=0.025),0.025,0.2,0.15,0.678645043845349,0.0051851144985782804,0.6751261915891181
Filter Fed (K=0.025),0.025,0.2,0.2,0.7380299912819704,0.006907504562964073,0.7329320457495859
Filter Fed (K=0.025),0.025,0.2,0.25,0.8072455114398762,0.008626912537337939,0.8002814750165258
Filter Fed (K=0.025),0.025,0.2,0.3,0.8887000616628373,0.010343343584793052,0.8795079315812319
Filter Fed (K=0.025),0.025,0.2,0.35,0.9855897231086501,0.012056802859483962,0.9737066621167957
Filter Fed (K=0.025),0.025,0.2,0.4,1.1022197477148337,0.013767295506640798,1.0870451627347886
Filter Fed (K=0.025),0.025,0.2,0.45,1.244482836912356,0.015474826662586039,1.2252246807265739
Filter Fed (K=0.025),0.025,0.2,0.5,1.4205841328325461,0.017179401454748944,1.3961793477143694
Filter Fed (K=0.025),0.025,0.2,0.55,1.642164325824708,0.018881025001681317,1.6111585801319426
Filter Fed (K=0.025),0.025,0.2,0.6,1.9260839698804675,0.020579702413073164,1.8864457349577368
Filter Fed (K=0.025),0.025,0.2,0.65,2.2973433649584316,0.022275438789767232,2.246169033453222
Filter Fed (K=0.025),0.025,0.2,0.7,2.7940305255776825,0.023968239223775334,2.7270625335421057
Filter Fed (K=0.025),0.025,0.2,0.75,3.4760621252500483,0.02565810879829289,3.3868729450507575
Filter Fed (K=0.025),0.025,0.2,0.8,4.4414184839479205,0.02734505258771447,4.319967661940318
Filter Fed (K=0.025),0.025,0.2,0.85,5.8582013688521055,0.029029075657649006,5.688143198097955
Filter Fed (K=0.025),0.025,0.2,0.9,8.03295261208544,0.030710183064935004,7.7862591668163486
Filter Fed (K=0.025),0.025,0.2,0.95,11.571176987361058,0.03238837985765575,11.196405311694244
Filter Fed (K=0.025),0.025,0.3,0.0,0.8145538478900389,0.0,0.8145538478900389
Filter Fed (K=0.025),0.025,0.3,0.05,0.8736292269787462,0.0038913618427453,0.8702296195401741
Filter Fed (K=0.025),0.025,0.3,0.1,0.9408750210599259,0.007767580988499501,0.9335666981337868
Filter Fed (K=0.025),0.025,0.3,0.15,1.0179675657680232,0.011628716362975688,1.006129909678998
Filter Fed (K=0.025),0.025,0.3,0.2,1.1070449869229557,0.015474826662586039,1.0899136576426383
Filter Fed (K=0.025),0.025,0.3,0.25,1.2108682671598143,0.019305970355333435,1.187491280289813
Filter Fed (K=0.025),0.025,0.3,0.3,1.3330500924942557,0.02312220568170087,1.3022270340715931
Filter Fed (K=0.025),0.025,0.3,0.35,1.4783845846629748,0.02692359065553629,1.438581163274054
Filter Fed (K=0.025),0.025,0.3,0.4,1.65332962157225,0.030710183064935004,1.6025555662270865
Filter Fed (K=0.025),0.025,0.3,0.45,1.8667242553685328,0.03448204047311776,1.8023557940427644
Filter Fed (K=0.025),0.025,0.3,0.5,2.130876199248819,0.038239220219305925,2.049393155005666
Filter Fed (K=0.025),0.025,0.3,0.55,2.4632464887370618,0.04198177941959358,2.359835017990814
Filter Fed (K=0.025),0.025,0.3,0.6,2.8891259548207007,0.04570977496781492,2.757064657572173
Filter Fed (K=0.025),0.025,0.3,0.65,3.446015047437648,0.04942326353641002,3.2757017375977027
Filter Fed (K=0.025),0.025,0.3,0.7,4.191045788366523,0.05312230157728581,3.9684077900727033
Filter Fed (K=0.025),0.025,0.3,0.75,5.21409318787507,0.056806945322674496,4.917896481244122
Filter Fed (K=0.025),0.025,0.3,0.8,6.66212772592188,0.0604772507859882,6.259220556673017
Filter Fed (K=0.025),0.025,0.3,0.85,8.787302053278157,0.06413327376267075,8.22374360505999
Filter Fed (K=0.025),0.025,0.3,0.9,12.049428918128159,0.06777506983104575,11.232778031777801
Filter Fed (K=0.025),0.025,0.3,0.95,17.356765481041585,0.07140269435316116,16.117445660439273
Filter Fed (K=0.025),0.025,0.4,0.0,1.0860717971867186,0.0,1.0860717971867186
Filter Fed (K=0.025),0.025,0.4,0.05,1.1648389693049954,0.006907504562964073,1.1567928388094029
Filter Fed (K=0.025),0.025,0.4,0.1,1.2545000280799015,0.013767295506640798,1.2372289554802363
Filter Fed (K=0.025),0.025,0.4,0.15,1.357290087690698,0.020579702413073164,1.3293574615978094
Filter Fed (K=0.025),0.025,0.4,0.2,1.4760599825639409,0.02734505258771447,1.435697044718109
Filter Fed (K=0.025),0.025,0.4,0.25,1.6144910228797524,0.0340636710751544,1.559495531722587
Filter Fed (K=0.025),0.025,0.4,0.3,1.7774001233256747,0.04073588067473566,1.7049961639906195
Filter Fed (K=0.025),0.025,0.4,0.35,1.9711794462173002,0.04736200195606266,1.8778204414298059
Filter Fed (K=0.025),0.025,0.4,0.4,2.2044394954296673,0.05394235327440411,2.085526841395151
Filter Fed (K=0.025),0.025,0.4,0.45,2.488965673824712,0.0604772507859882,2.3384398725710986
Filter Fed (K=0.025),0.025,0.4,0.5,2.8411682656650923,0.06696700846319259,2.650903726372944
Filter Fed (K=0.025),0.025,0.4,0.55,3.284328651649416,0.0734119381096291,3.0432197199428477
Filter Fed (K=0.025),0.025,0.4,0.6,3.852167939760935,0.07981234937512494,3.54471736630108
Filter Fed (K=0.025),0.025,0.4,0.65,4.594686729916863,0.08616854977059951,4.198769237749709
Filter Fed (K=0.025),0.025,0.4,0.7,5.588061051155365,0.09248084468283913,5.071272445005243
Filter Fed (K=0.025),0.025,0.4,0.75,6.952124250500097,0.0987495373891698,6.265605196891183
Filter Fed (K=0.025),0.025,0.4,0.8,8.882836967895841,0.10497492907202755,7.950361787232591
Filter Fed (K=0.025),0.025,0.4,0.85,11.716402737704211,0.11115731883342983,10.414038823008354
Filter Fed (K=0.025),0.025,0.4,0.9,16.06590522417088,0.11729700370934515,14.18142267949732
Filter Fed (K=0.025),0.025,0.4,0.95,23.142353974722116,0.12339427868396491,20.286719898962293
Filter Fed (K=0.025),0.025,0.5,0.0,1.3575897464833981,0.0,1.3575897464833981
Filter Fed (K=0.025),0.025,0.5,0.05,1.4560487116312442,0.010771986806024536,1.4403641741206235
Filter Fed (K=0.025),0.025,0.5,0.1,1.5681250350998768,0.02142793791229991,1.5345233492090335
Filter Fed (K=0.025),0.025,0.5,0.15,1.696612609613372,0.031969103253852826,1.6423734259148535
Filter Fed (K=0.025),0.025,0.5,0.2,1.8450749782049258,0.0423967193014263,1.7668498522638862
Filter Fed (K=0.025),0.025,0.5,0.25,2.01811377859969,0.052712009206517196,1.911734946522344
Filter Fed (K=0.025),0.025,0.5,0.3,2.2217501541570934,0.06291618294485002,2.081966115000397
Filter Fed (K=0.025),0.025,0.5,0.35,2.463974307771626,0.07301043745830715,2.28407846567519
Filter Fed (K=0.025),0.025,0.5,0.4,2.7555493692870834,0.08299595679532878,2.526849912886337
Filter Fed (K=0.025),0.025,0.5,0.45,3.1112070922808885,0.09287391224980057,2.822257117801436
Filter Fed (K=0.025),0.025,0.5,0.5,3.5514603320813665,0.10264546249844642,3.1869190437499886
Filter Fed (K=0.025),0.025,0.5,0.55,4.105410814561771,0.1123117537367394,3.6443249261685624
Filter Fed (K=0.025),0.025,0.5,0.6,4.815209924701169,0.12187391981335027,4.228361416453691
Filter Fed (K=0.025),0.025,0.5,0.65,5.743358412396081,0.1313330823631469,4.989065448979794
Filter Fed (K=0.025),0.025,0.5,0.7,6.985076313944205,0.14069035093876103,6.002343476001368
Filter Fed (K=0.025),0.025,0.5,0.75,8.690155313125118,0.14994682314073826,7.387094131322399
Filter Fed (K=0.025),0.025,0.5,0.8,11.103546209869801,0.1591035847462855,9.336932204483483
Filter Fed (K=0.025),0.025,0.5,0.85,14.645503422130263,0.1681617098366317,12.182690525246597
Filter Fed (K=0.025),0.025,0.5,0.9,20.082381530213596,0.17712226092301753,16.525344708863514
Filter Fed (K=0.025),0.025,0.5,0.95,28.927942468402648,0.18598628907132608,23.547741798235624
Filter Fed (K=0.025),0.025,0.6,0.0,1.6291076957800779,0.0,1.6291076957800779
Filter Fed (K=0.025),0.025,0.6,0.05,1.7472584539574925,0.015474826662586039,1.7202199322477623
Filter Fed (K=0.025),0.025,0.6,0.1,1.8817500421198519,0.030710183064935004,1.823961153843902
Filter Fed (K=0.025),0.025,0.6,0.15,2.0359351315360463,0.04570977496781492,1.942872994824465
Filter Fed (K=0.025),0.025,0.6,0.2,2.2140899738459114,0.0604772507859882,2.08018789923489
Filter Fed (K=0.025),0.025,0.6,0.25,2.4217365343196287,0.07501620247563134,2.2400670561184737
Filter Fed (K=0.025),0.025,0.6,0.3,2.6661001849885113,0.0893301664080215,2.4279370118030306
Filter Fed (K=0.025),0.025,0.6,0.35,2.9567691693259497,0.1034226242297035,2.6509723425927794
Filter Fed (K=0.025),0.025,0.6,0.4,3.3066592431445,0.11729700370934515,2.918798021635839
Filter Fed (K=0.025),0.025,0.6,0.45,3.7334485107370656,0.13095667957148838,3.244528490419821
Filter Fed (K=0.025),0.025,0.6,0.5,4.261752398497638,0.14440497431739774,3.6463341528454785
Filter Fed (K=0.025),0.025,0.6,0.55,4.9264929774741235,0.15764515903320697,4.149855208564238
Filter Fed (K=0.025),0.025,0.6,0.6,5.778251909641401,0.17068045418555822,4.792017249305238
Filter Fed (K=0.025),0.025,0.6,0.65,6.892030094875296,0.1835140304049313,5.627245874492649
Filter Fed (K=0.025),0.025,0.6,0.7,8.382091576733046,0.19614900925684853,6.737952618456684
Filter Fed (K=0.025),0.025,0.6,0.75,10.42818637575014,0.20858846400114683,8.252986997314732
Filter Fed (K=0.025),0.025,0.6,0.8,13.32425545184376,0.2208354203395001,10.381787898424967
Filter Fed (K=0.025),0.025,0.6,0.85,17.574604106556315,0.2328928571513731,13.48160434287616
Filter Fed (K=0.025),0.025,0.6,0.9,24.098857836256318,0.2447637072185872,18.200332052520523
Filter Fed (K=0.025),0.025,0.6,0.95,34.71353096208317,0.2564508579386736,25.81121616477623
Filter Fed (K=0.025),0.025,0.7,0.0,1.9006256450767571,0.0,1.9006256450767571
Filter Fed (K=0.025),0.025,0.7,0.05,2.038468196283741,0.02100391203019203,1.9956523896126532
Filter Fed (K=0.025),0.025,0.7,0.1,2.195375049139827,0.041566659739811995,2.104120641470959
Filter Fed (K=0.025),0.025,0.7,0.15,2.37525765345872,0.06169750930544016,2.2287101722816325
Filter Fed (K=0.025),0.025,0.7,0.2,2.583104969486896,0.08140553227769876,2.3728259345166465
Filter Fed (K=0.025),0.025,0.7,0.25,2.825359290039566,0.10069960966915903,2.540846712357449
Filter Fed (K=0.025),0.025,0.7,0.3,3.11045021581993,0.11958843595638546,2.738476339389823
Filter Fed (K=0.025),0.025,0.7,0.35,3.449564030880275,0.13808052299792128,2.973246425381509
Filter Fed (K=0.025),0.025,0.7,0.4,3.857769117001917,0.1561842038699821,3.2552465187487685
Filter Fed (K=0.025),0.025,0.7,0.45,4.355689929193244,0.17390763662158348,3.5982021877508146
Filter Fed (K=0.025),0.025,0.7,0.5,4.97204446491391,0.1912588079507972,4.021097167476117
Filter Fed (K=0.025),0.025,0.7,0.55,5.747575140386478,0.20824553680379132,4.55066826995657
Filter Fed (K=0.025),0.025,0.7,0.6,6.741293894581635,0.22487547789827633,5.225342208384857
Filter Fed (K=0.025),0.025,0.7,0.65,8.040701777354512,0.2411561251729456,6.101637293056481
Filter Fed (K=0.025),0.025,0.7,0.7,9.779106839521887,0.2570948151644631,7.264949174141471
Filter Fed (K=0.025),0.025,0.7,0.75,12.166217438375165,0.2726987303135223,8.848505390212024
Filter Fed (K=0.025),0.025,0.7,0.8,15.544964693817722,0.28797490220146404,11.068405006390352
Filter Fed (K=0.025),0.025,0.7,0.85,20.503704790982365,0.30293021471891335,14.292513096116865
Filter Fed (K=0.025),0.025,0.7,0.9,28.115334142299027,0.31757140716786225,19.186707915734484
Filter Fed (K=0.025),0.025,0.7,0.95,40.4991194557637,0.3319050772985962,27.057256082273366
Filter Fed (K=0.025),0.025,0.8,0.0,2.1721435943734373,0.0,2.1721435943734373
Filter Fed (K=0.025),0.025,0.8,0.05,2.329677938609991,0.02734505258771447,2.265972772866262
Filter Fed (K=0.025),0.025,0.8,0.1,2.509000056159803,0.05394235327440411,2.373658688764931
Filter Fed (K=0.025),0.025,0.8,0.15,2.714580175381396,0.07981234937512494,2.497923154017068
Filter Fed (K=0.025),0.025,0.8,0.2,2.9521199651278818,0.10497492907202755,2.642221381176466
Filter Fed (K=0.025),0.025,0.8,0.25,3.228982045759505,0.12944943670387588,2.810992138809008
Filter Fed (K=0.025),0.025,0.8,0.3,3.5548002466513493,0.15325468763747285,3.010010445237185
Filter Fed (K=0.025),0.025,0.8,0.35,3.9423588924346005,0.1764089827324269,3.2468913706540756
Filter Fed (K=0.025),0.025,0.8,0.4,4.408878990859335,0.198930122410378,3.5318201535151434
Filter Fed (K=0.025),0.025,0.8,0.45,4.977931347649424,0.2208354203395002,3.8786277860700884
Filter Fed (K=0.025),0.025,0.8,0.5,5.682336531330185,0.242141716744801,4.306405808512196
Filter Fed (K=0.025),0.025,0.8,0.55,6.568657303298832,0.2628653913544494,4.841984630593922
Filter Fed (K=0.025),0.025,0.8,0.6,7.70433587952187,0.28302237599208635,5.52383643345851
Filter Fed (K=0.025),0.025,0.8,0.65,9.189373459833726,0.3026281668247973,6.408410215415801
Filter Fed (K=0.025),0.025,0.8,0.7,11.17612210231073,0.3216978362761641,7.580787804039153
Filter Fed (K=0.025),0.025,0.8,0.75,13.904248501000193,0.3402460446135529,9.173382945210955
Filter Fed (K=0.025),0.025,0.8,0.8,17.765673935791682,0.358287051218548,11.400463008426664
Filter Fed (K=0.025),0.025,0.8,0.85,23.432805475408422,0.37583472554919406,14.625943460710646
Filter Fed (K=0.025),0.025,0.8,0.9,32.13181044834176,0.3929025578024766,19.507139936363938
Filter Fed (K=0.025),0.025,0.8,0.95,46.28470794944423,0.40950366928523485,27.33095021235134
Filter Fed (K=0.025),0.025,0.9,0.0,2.4436615436701166,0.0,2.4436615436701166
Filter Fed (K=0.025),0.025,0.9,0.05,2.620887680936239,0.03448204047311776,2.5305141258467
Filter Fed (K=0.025),0.025,0.9,0.1,2.8226250631797782,0.06777506983104575,2.631321452415909
Filter Fed (K=0.025),0.025,0.9,0.15,3.05390269730407,0.09992008760318094,2.7487564722578566
Filter Fed (K=0.025),0.025,0.9,0.2,3.3211349607688674,0.13095667957148838,2.886210153897791
Filter Fed (K=0.025),0.025,0.9,0.25,3.6326048014794425,0.16092306651939692,3.0480348973722857
Filter Fed (K=0.025),0.025,0.9,0.3,3.9991502774827676,0.18985615129973454,3.239886997330624
Filter Fed (K=0.025),0.025,0.9,0.35,4.435153753988926,0.2177915642796645,3.4692146800868517
Filter Fed (K=0.025),0.025,0.9,0.4,4.959988864716751,0.2447637072185872,3.745963602425767
Filter Fed (K=0.025),0.025,0.9,0.45,5.600172766105601,0.2708057956330433,4.083613524497872
Filter Fed (K=0.025),0.025,0.9,0.5,6.392628597746457,0.29594989970078756,4.500730805419007
Filter Fed (K=0.025),0.025,0.9,0.55,7.389739466211186,0.3202269837544076,5.023345486215471
Filter Fed (K=0.025),0.025,0.9,0.6,8.667377864462104,0.3436669444131215,5.688686597708486
Filter Fed (K=0.025),0.025,0.9,0.65,10.338045142312945,0.3662986473997133,6.551233189926537
Filter Fed (K=0.025),0.025,0.9,0.7,12.573137365099573,0.3881499630879458,7.6928745609365015
Filter Fed (K=0.025),0.025,0.9,0.75,15.642279563625216,0.40924780082422585,9.240711052333864
Filter Fed (K=0.025),0.025,0.9,0.8,19.986383177765646,0.4296181420657882,11.399870370319045
Filter Fed (K=0.025),0.025,0.9,0.85,26.361906159834476,0.44928607237620777,14.517868880932285
Filter Fed (K=0.025),0.025,0.9,0.9,36.14828675438447,0.46827581231764104,19.22091841058406
Filter Fed (K=0.025),0.025,0.9,0.95,52.07029644312476,0.4866107472778397,26.732330579957182
Filter Fed (K=0.025),0.025,1.0,0.0,2.7151794929667963,0.0,2.7151794929667963
Filter Fed (K=0.025),0.025,1.0,0.05,2.9120974232624883,0.0423967193014263,2.7886340462300216
Filter Fed (K=0.025),0.025,1.0,0.1,3.1362500701997535,0.08299595679532878,2.875953994874108
Filter Fed (K=0.025),0.025,1.0,0.15,3.393225219226744,0.12187391981335027,2.979679560950066
Filter Fed (K=0.025),0.025,1.0,0.2,3.6901499564098517,0.1591035847462855,3.1030338700936952
Filter Fed (K=0.025),0.025,1.0,0.25,4.03622755719938,0.19475483402537286,3.250152729208379
Filter Fed (K=0.025),0.025,1.0,0.3,4.443500308314187,0.22889458729602952,3.4264071390928312
Filter Fed (K=0.025),0.025,1.0,0.35,4.927948615543252,0.2615869270302503,3.638861680640316
Filter Fed (K=0.025),0.025,1.0,0.4,5.511098738574167,0.2928932188134524,3.896935289834422
Filter Fed (K=0.025),0.025,1.0,0.45,6.222414184561777,0.32287222653155356,4.213369462390795
Filter Fed (K=0.025),0.025,1.0,0.5,7.102920664162733,0.3515802226744952,4.605674235417126
Filter Fed (K=0.025),0.025,1.0,0.55,8.210821629123542,0.379071093963258,5.098336491834501
Filter Fed (K=0.025),0.025,1.0,0.6,9.630419849402339,0.4053964424986395,5.726281902686347
Filter Fed (K=0.025),0.025,1.0,0.65,11.486716824792161,0.4306056826216541,6.540471285370893
Filter Fed (K=0.025),0.025,1.0,0.7,13.97015262788841,0.45474613366737104,7.617279733613092
Filter Fed (K=0.025),0.025,1.0,0.75,17.380310626250235,0.477863108786293,9.074901358718854
Filter Fed (K=0.025),0.025,1.0,0.8,22.207092419739602,0.5,11.103546209869801
Filter Fed (K=0.025),0.025,1.0,0.85,29.291006844260526,0.521198359650713,14.024582124514131
Filter Fed (K=0.025),0.025,1.0,0.9,40.16476306042719,0.5414979783976643,18.41562506038468
Filter Fed (K=0.025),0.025,1.0,0.95,57.855884936805296,0.5609369599066751,25.402380727643333
Filter Fed (K=0.025),0.025,1.1,0.0,2.9866974422634764,0.0,2.9866974422634764
Filter Fed (K=0.025),0.025,1.1,0.05,3.2033071655887366,0.051069061111600034,3.0397172761900593
Filter Fed (K=0.025),0.025,1.1,0.1,3.4498750772197293,0.09953007322037988,3.106508758182886
Filter Fed (K=0.025),0.025,1.1,0.15,3.7325477411494195,0.14551622694024624,3.1894014769830172
Filter Fed (K=0.025),0.025,1.1,0.2,4.059164952050838,0.1891539109655055,3.2913580261163133
Filter Fed (K=0.025),0.025,1.1,0.25,4.43985031291932,0.23056305943850997,3.4161848413236156
Filter Fed (K=0.025),0.025,1.1,0.3,4.887850339145605,0.2698574815775673,3.568827356295714
Filter Fed (K=0.025),0.025,1.1,0.35,5.420743477097577,0.30714517447106016,3.7557882760615806
Filter Fed (K=0.025),0.025,1.1,0.4,6.062208612431585,0.34252861989746464,3.98572866288487
Filter Fed (K=0.025),0.025,1.1,0.45,6.844655603017957,0.37610506598704907,4.270345955786263
Filter Fed (K=0.025),0.025,1.1,0.5,7.813212730579004,0.4079667944993741,4.6256813781429855
Filter Fed (K=0.025),0.025,1.1,0.55,9.031903792035896,0.4382013744511821,5.074111136454922
Filter Fed (K=0.025),0.025,1.1,0.6,10.593461834342573,0.4668919027917475,5.647460281354613
Filter Fed (K=0.025),0.025,1.1,0.65,12.635388507271376,0.4941172327871647,6.3920253028677
Filter Fed (K=0.025),0.025,1.1,0.7,15.367167890677253,0.5199521907412623,7.376975280430832
Filter Fed (K=0.025),0.025,1.1,0.75,19.11834168887526,0.5444677816487866,8.709020600729831
Filter Fed (K=0.025),0.025,1.1,0.8,24.427801661713563,0.5677313843460674,10.559372007777757
Filter Fed (K=0.025),0.025,1.1,0.85,32.220107528686576,0.5898069366955249,13.21646460719153
Filter Fed (K=0.025),0.025,1.1,0.9,44.18123936646992,0.6107551113129756,17.197321599256366
Filter Fed (K=0.025),0.025,1.1,0.95,63.64147343048582,0.6306334823207111,23.507029420997533
Filter Fed (K=0.025),0.025,1.2,0.0,3.2582153915601557,0.0,3.2582153915601557
Filter Fed (K=0.025),0.025,1.2,0.05,3.494516907914985,0.0604772507859882,3.2831781324991343
Filter Fed (K=0.025),0.025,1.2,0.1,3.7635000842397037,0.11729700370934515,3.3220528008985184
Filter Fed (K=0.025),0.025,1.2,0.15,4.071870263072093,0.17068045418555822,3.3768815971862796
Filter Fed (K=0.025),0.025,1.2,0.2,4.428179947691823,0.2208354203395001,3.4502809676043538
Filter Fed (K=0.025),0.025,1.2,0.25,4.843473068639257,0.2679571520271873,3.5456298192463005
Filter Fed (K=0.025),0.025,1.2,0.3,5.332200369977023,0.3122290909301281,3.6673322958018044
Filter Fed (K=0.025),0.025,1.2,0.35,5.913538338651899,0.35382358468125374,3.8211890055200586
Filter Fed (K=0.025),0.025,1.2,0.4,6.613318486289,0.3929025578024765,4.0149287374636495
Filter Fed (K=0.025),0.025,1.2,0.45,7.466897021474131,0.4296181420657881,4.258982596111848
Filter Fed (K=0.025),0.025,1.2,0.5,8.523504796995276,0.4641132687318533,4.5676331246101665
Filter Fed (K=0.025),0.025,1.2,0.55,9.852985954948247,0.49652222497164056,4.960759445983019
Filter Fed (K=0.025),0.025,1.2,0.6,11.556503819282803,0.5269711766372019,5.466559403823026
Filter Fed (K=0.025),0.025,1.2,0.65,13.784060189750592,0.5555786594167149,6.125930508209649
Filter Fed (K=0.025),0.025,1.2,0.7,16.764183153466092,0.5824560402858152,6.999783415272061
Filter Fed (K=0.025),0.025,1.2,0.75,20.85637275150028,0.6077079510516246,8.181789200317112
Filter Fed (K=0.025),0.025,1.2,0.8,26.64851090368752,0.6314326956772247,9.821769827988193
Filter Fed (K=0.025),0.025,1.2,0.85,35.14920821311263,0.6537226329722687,12.171375273146149
Filter Fed (K=0.025),0.025,1.2,0.9,48.197715672512636,0.6746645361395165,15.680426185332594
Filter Fed (K=0.025),0.025,1.2,0.95,69.42706192416634,0.6943399305769828,21.221080567576795
Filter Fed (K=0.025),0.025,1.3,0.0,3.529733340856835,0.0,3.529733340856835
Filter Fed (K=0.025),0.025,1.3,0.05,3.7857266502412346,0.07059777744448148,3.5184627627218616
Filter Fed (K=0.025),0.025,1.3,0.1,4.0771250912596795,0.13621150870886234,3.5217737313844406
Filter Fed (K=0.025),0.025,1.3,0.15,4.411192784994768,0.1971930563761385,3.5413361974572792
Filter Fed (K=0.025),0.025,1.3,0.2,4.797194943332809,0.25386944231298014,3.5793337384022608
Filter Fed (K=0.025),0.025,1.3,0.25,5.247095824359194,0.3065446013690952,3.6386269265355606
Filter Fed (K=0.025),0.025,1.3,0.3,5.776550400808443,0.355501011269314,3.72298089167288
Filter Fed (K=0.025),0.025,1.3,0.35,6.406333200206227,0.4010012074389163,3.837385851667513
Filter Fed (K=0.025),0.025,1.3,0.4,7.164428360146416,0.44328919088565677,3.988514709218858
Filter Fed (K=0.025),0.025,1.3,0.45,8.089138439930311,0.48259173668844835,4.185387071891056
Filter Fed (K=0.025),0.025,1.3,0.5,9.23379686341155,0.5191196101096529,4.44035183584561
Filter Fed (K=0.025),0.025,1.3,0.55,10.674068117860603,0.5530686968525471,4.770575173800119
Filter Fed (K=0.025),0.025,1.3,0.6,12.51954580422304,0.5846210535251231,5.200355746502132
Filter Fed (K=0.025),0.025,1.3,0.65,14.932731872229805,0.6139458839434796,5.764842603242706
Filter Fed (K=0.025),0.025,1.3,0.7,18.161198416254937,0.6412004465103638,6.516229882588959
Filter Fed (K=0.025),0.025,1.3,0.75,22.594403814125307,0.6665308975348045,7.5345355606325555
Filter Fed (K=0.025),0.025,1.3,0.8,28.869220145661483,0.6900730750152533,8.947348626452566
Filter Fed (K=0.025),0.025,1.3,0.85,38.07830889753868,0.7119532270893789,10.968333995829807
Filter Fed (K=0.025),0.025,1.3,0.9,52.21419197855536,0.732288689056924,13.978329784412498
Filter Fed (K=0.025),0.025,1.3,0.95,75.21265041784687,0.7511885126062537,18.713771421290353
Filter Fed (K=0.025),0.025,1.4,0.0,3.8012512901535143,0.0,3.8012512901535143
Filter Fed (K=0.025),0.025,1.4,0.05,4.076936392567482,0.08140553227769876,3.7450512154682056
Filter Fed (K=0.025),0.025,1.4,0.1,4.390750098279654,0.1561842038699821,3.704984289787801
Filter Fed (K=0.025),0.025,1.4,0.15,4.75051530691744,0.22487547789827633,3.6822409070113036
Filter Fed (K=0.025),0.025,1.4,0.2,5.166209938973792,0.28797490220146404,3.678471137045583
Filter Fed (K=0.025),0.025,1.4,0.25,5.650718580079132,0.34593768428283445,3.6959220799525707
Filter Fed (K=0.025),0.025,1.4,0.3,6.22090043163986,0.3991819752365745,3.737629109587802
Filter Fed (K=0.025),0.025,1.4,0.35,6.89912806176055,0.44809188634447683,3.8076847544341508
Filter Fed (K=0.025),0.025,1.4,0.4,7.715538234003834,0.49302026010498534,3.9116215670253043
Filter Fed (K=0.025),0.025,1.4,0.45,8.711379858386488,0.5342912156851483,4.056966123554057
Filter Fed (K=0.025),0.025,1.4,0.5,9.94408892982782,0.5722024871586988,4.254056511653058
Filter Fed (K=0.025),0.025,1.4,0.55,11.495150280772956,0.6070275713986206,4.5172771229731765
Filter Fed (K=0.025),0.025,1.4,0.6,13.48258778916327,0.6390177011193758,4.866975534991989
Filter Fed (K=0.025),0.025,1.4,0.65,16.081403554709023,0.6684036573025804,5.332534604182794
Filter Fed (K=0.025),0.025,1.4,0.7,19.558213679043774,0.6953974340812021,5.957482071424866
Filter Fed (K=0.025),0.025,1.4,0.75,24.33243487675033,0.7201937680929746,6.8083669159865945
Filter Fed (K=0.025),0.025,1.4,0.8,31.089929387635443,0.7429715433359834,7.990996568297194
Filter Fed (K=0.025),0.025,1.4,0.85,41.00740958196473,0.763895081661233,9.682051090634154
Filter Fed (K=0.025),0.025,1.4,0.9,56.23066828459805,0.7831153282119829,12.19557003532591
Filter Fed (K=0.025),0.025,1.4,0.95,80.9982389115274,0.8007709403617604,16.137202970697068
Filter Fed (K=0.025),0.025,1.5,0.0,4.072769239450194,0.0,4.072769239450194
Filter Fed (K=0.025),0.025,1.5,0.05,4.368146134893732,0.09287391224980057,3.962459314067306
Filter Fed (K=0.025),0.025,1.5,0.1,4.704375105299631,0.17712226092301753,3.8711255504190016
Filter Fed (K=0.025),0.025,1.5,0.15,5.089837828840116,0.2535461358543676,3.7993291152123203
Filter Fed (K=0.025),0.025,1.5,0.2,5.53522493461478,0.32287222653155356,3.7480545356227326
Filter Fed (K=0.025),0.025,1.5,0.25,6.054341335799072,0.385759731946565,3.7188202449882137
Filter Fed (K=0.025),0.025,1.5,0.3,6.665250462471281,0.4428066287020537,3.713833375729569
Filter Fed (K=0.025),0.025,1.5,0.35,7.391922923314876,0.49455535697414965,3.736207843249488
Filter Fed (K=0.025),0.025,1.5,0.4,8.266648107861252,0.5414979783976643,3.790274869329507
Filter Fed (K=0.025),0.025,1.5,0.45,9.333621276842667,0.5840808549183159,3.8820317819806194
Filter Fed (K=0.025),0.025,1.5,0.5,10.654380996244097,0.6227088931016442,4.019803199389742
Filter Fed (K=0.025),0.025,1.5,0.55,12.316232443685308,0.6577493942563524,4.215238014330862
Filter Fed (K=0.025),0.025,1.5,0.6,14.445629774103507,0.6895355469816289,4.484854546322941
Filter Fed (K=0.025),0.025,1.5,0.65,17.230075237188238,0.7183695953479394,4.852513061234772
Filter Fed (K=0.025),0.025,1.5,0.7,20.95522894183262,0.7445257128364707,5.353522176263246
Filter Fed (K=0.025),0.025,1.5,0.75,26.070465939375357,0.7682526093645767,6.041762454099918
Filter Fed (K=0.025),0.025,1.5,0.8,33.3106386296094,0.7897758961865713,7.002699153362615
Filter Fed (K=0.025),0.025,1.5,0.85,43.93651026639079,0.8093002311569326,8.378682351571781
Filter Fed (K=0.025),0.025,1.5,0.9,60.24714459064079,0.8270112647545209,10.422077344886457
Filter Fed (K=0.025),0.025,1.5,0.95,86.78382740520794,0.8430774053719136,13.618343368181264
Filter Fed (K=0.025),0.025,1.6,0.0,4.344287188746875,0.0,4.344287188746875
Filter Fed (K=0.025),0.025,1.6,0.05,4.659355877219982,0.10497492907202755,4.170240324487479
Filter Fed (K=0.025),0.025,1.6,0.1,5.018000112319606,0.198930122410378,4.019768735720576
Filter Fed (K=0.025),0.025,1.6,0.15,5.429160350762792,0.28302237599208635,3.8925864886478774
Filter Fed (K=0.025),0.025,1.6,0.2,5.9042399302557635,0.358287051218548,3.7888272159576206
Filter Fed (K=0.025),0.025,1.6,0.25,6.45796409151901,0.42565082250148256,3.709126364278904
Filter Fed (K=0.025),0.025,1.6,0.3,7.109600493302699,0.48594308667196673,3.654739284582648
Filter Fed (K=0.025),0.025,1.6,0.35,7.884717784869201,0.5399061746875625,3.627709967149479
Filter Fed (K=0.025),0.025,1.6,0.4,8.81775798171867,0.5882044913662134,3.6311131330914708
Filter Fed (K=0.025),0.025,1.6,0.45,9.955862695298848,0.6314326956772247,3.669405475813976
Filter Fed (K=0.025),0.025,1.6,0.5,11.36467306266037,0.6701230223067765,3.748944002381993
Filter Fed (K=0.025),0.025,1.6,0.55,13.137314606597664,0.7047518346426175,3.878768035320704
Filter Fed (K=0.025),0.025,1.6,0.6,15.40867175904374,0.7357454898596549,4.0718110075994725
Filter Fed (K=0.025),0.025,1.6,0.65,18.378746919667453,0.7634855883186011,4.3468385151464695
Filter Fed (K=0.025),0.025,1.6,0.7,22.35224420462146,0.7883136719093682,4.731664500261422
Filter Fed (K=0.025),0.025,1.6,0.75,27.808497002000387,0.8105354291862003,5.26872494946084
Filter Fed (K=0.025),0.025,1.6,0.8,35.531347871583364,0.830424459069041,6.025247535329826
Filter Fed (K=0.025),0.025,1.6,0.85,46.865610950816844,0.8482256394506191,7.112998133816288
Filter Fed (K=0.025),0.025,1.6,0.9,64.26362089668352,0.8641581421842428,8.729689652573006
Filter Fed (K=0.025),0.025,1.6,0.95,92.56941589888847,0.8784181315734643,11.254762544139922
Filter Fed (K=0.025),0.025,1.7,0.0,4.615805138043554,0.0,4.615805138043554
Filter Fed (K=0.025),0.025,1.7,0.05,4.95056561954623,0.11767932282301752,4.367986409847118
Filter Fed (K=0.025),0.025,1.7,0.1,5.3316251193395825,0.221510222625951,4.150615652196559
Filter Fed (K=0.025),0.025,1.7,0.15,5.768482872685466,0.31312237245197083,3.962241830141633
Filter Fed (K=0.025),0.025,1.7,0.2,6.273254925896749,0.3939536665241037,3.8018831467993306
Filter Fed (K=0.025),0.025,1.7,0.25,6.861586847238947,0.4652727886469198,3.669077200281056
Filter Fed (K=0.025),0.025,1.7,0.3,7.553950524134118,0.5281991247739908,3.563960468700448
Filter Fed (K=0.025),0.025,1.7,0.35,8.377512646423526,0.5837203322778945,3.4873881807909215
Filter Fed (K=0.025),0.025,1.7,0.4,9.368867855576083,0.6327078416804226,3.4411116956854504
Filter Fed (K=0.025),0.025,1.7,0.45,10.578104113755021,0.6759305341496751,3.4280405498537143
Filter Fed (K=0.025),0.025,1.7,0.5,12.074965129076642,0.7140668094385583,3.452633305275035
Filter Fed (K=0.025),0.025,1.7,0.55,13.958396769510019,0.7477152336764536,3.5214908672471794
Filter Fed (K=0.025),0.025,1.7,0.6,16.37171374398397,0.7774039341359718,3.6442790708628725
Filter Fed (K=0.025),0.025,1.7,0.65,19.52741860214667,0.8035988884299183,3.8352067195558965
Filter Fed (K=0.025),0.025,1.7,0.7,23.749259467410297,0.8267112382411734,4.11547976579662
Filter Fed (K=0.025),0.025,1.7,0.75,29.546528064625406,0.8471037423777914,4.517553566810783
Filter Fed (K=0.025),0.025,1.7,0.8,37.75205711355733,0.8650964704369466,5.092885752884862
Filter Fed (K=0.025),0.025,1.7,0.85,49.794711635242884,0.8809718264423616,5.9269735787722455
Filter Fed (K=0.025),0.025,1.7,0.9,68.28009720272624,0.8949789813034851,7.170845364927368
Filter Fed (K=0.025),0.025,1.7,0.95,98.355004392569,0.9073377836658745,9.113792694568096
Filter Fed (K=0.025),0.025,1.8,0.0,4.887323087340233,0.0,4.887323087340233
Filter Fed (K=0.025),0.025,1.8,0.05,5.241775361872478,0.13095667957148838,4.555329865422022
Filter Fed (K=0.025),0.025,1.8,0.1,5.6452501263595565,0.2447637072185872,4.263497777255593
Filter Fed (K=0.025),0.025,1.8,0.15,6.10780539460814,0.3436669444131215,4.008754577573181
Filter Fed (K=0.025),0.025,1.8,0.2,6.642269921537735,0.4296181420657882,3.7886302587472245
Filter Fed (K=0.025),0.025,1.8,0.25,7.265209602958885,0.504313456268669,3.6012666375743656
Filter Fed (K=0.025),0.025,1.8,0.3,7.998300554965535,0.5692269201439915,3.445452563676526
Filter Fed (K=0.025),0.025,1.8,0.35,8.870307507977852,0.6256395323307179,3.320692467056933
Filter Fed (K=0.025),0.025,1.8,0.4,9.919977729433501,0.6746645361395166,3.227320556090913
Filter Fed (K=0.025),0.025,1.8,0.45,11.200345532211202,0.7172693882335355,3.166680544317861
Filter Fed (K=0.025),0.025,1.8,0.5,12.785257195492914,0.7542948503636873,3.1414035323573306
Filter Fed (K=0.025),0.025,1.8,0.55,14.779478932422371,0.7864715809136744,3.1558387713598037
Filter Fed (K=0.025),0.025,1.8,0.6,17.334755728924208,0.8144345536713689,3.2167316838356164
Filter Fed (K=0.025),0.025,1.8,0.65,20.67609028462589,0.8387355883657677,3.3343175346464613
Filter Fed (K=0.025),0.025,1.8,0.7,25.146274730199146,0.8598542402464364,3.5241437770355963
Filter Fed (K=0.025),0.025,1.8,0.75,31.284559127250432,0.8782072635997866,3.8102320631821014
Filter Fed (K=0.025),0.025,1.8,0.8,39.97276635553129,0.8941568359546841,4.230844066713583
Filter Fed (K=0.025),0.025,1.8,0.85,52.72381231966895,0.908017705273399,4.849657243897787
Filter Fed (K=0.025),0.025,1.8,0.9,72.29657350876894,0.9200634011701607,5.779142193342449
Filter Fed (K=0.025),0.025,1.8,0.95,104.14059288624952,0.9305316327291545,7.234476954425581
Filter Fed (K=0.025),0.025,1.9,0.0,5.158841036636912,0.0,5.158841036636912
Filter Fed (K=0.025),0.025,1.9,0.05,5.532985104198728,0.14477555234110007,4.731944129643278
Filter Fed (K=0.025),0.025,1.9,0.1,5.958875133379533,0.2685911441265295,4.3583740435979985
Filter Fed (K=0.025),0.025,1.9,0.15,6.447127916530813,0.37448126522278324,4.032799297295227
Filter Fed (K=0.025),0.025,1.9,0.2,7.0112849171787195,0.4650410855498609,3.7507493681945614
Filter Fed (K=0.025),0.025,1.9,0.25,7.668832358678824,0.5424900578691751,3.5085670486301455
Filter Fed (K=0.025),0.025,1.9,0.3,8.442650585796954,0.60872631244271,3.3033870274624886
Filter Fed (K=0.025),0.025,1.9,0.35,9.363102369532175,0.6653731766753557,3.133145202380002
Filter Fed (K=0.025),0.025,1.9,0.4,10.471087603290915,0.7138189598503288,2.996626741808121
Filter Fed (K=0.025),0.025,1.9,0.45,11.822586950667379,0.755250978007548,2.893566593596566
Filter Fed (K=0.025),0.025,1.9,0.5,13.495549261909186,0.7906846528514493,2.8248255787168888
Filter Fed (K=0.025),0.025,1.9,0.55,15.600561095334724,0.8209883978483499,2.7926814361405707
Filter Fed (K=0.025),0.025,1.9,0.6,18.29779771386444,0.8469049014253203,2.801303144703626
Filter Fed (K=0.025),0.025,1.9,0.65,21.824761967105104,0.8690693288821847,2.8575307313396423
Filter Fed (K=0.025),0.025,1.9,0.7,26.543289992987976,0.8880248891116572,2.9721878403062676
Filter Fed (K=0.025),0.025,1.9,0.75,33.022590189875444,0.9042361476389731,3.162370451521928
Filter Fed (K=0.025),0.025,1.9,0.8,42.19347559750524,0.9181004122588523,3.455628256801855
Filter Fed (K=0.025),0.025,1.9,0.85,55.65291300409499,0.9299574703105853,3.8980708113917375
Filter Fed (K=0.025),0.025,1.9,0.9,76.31304981481165,0.9400979162337383,4.571310702465751
Filter Fed (K=0.025),0.025,1.9,0.95,109.92618137993004,0.9487702734973816,5.631488207571036
Filter Fed (K=0.025),0.025,2.0,0.0,5.430358985933593,0.0,5.430358985933593
Filter Fed (K=0.025),0.025,2.0,0.05,5.824194846524977,0.1591035847462855,4.897544568182011
Filter Fed (K=0.025),0.025,2.0,0.1,6.272500140399507,0.2928932188134524,4.435327384270063
Filter Fed (K=0.025),0.025,2.0,0.15,6.786450438453488,0.4053964424986395,4.0352475735111115
Filter Fed (K=0.025),0.025,2.0,0.2,7.380299912819703,0.5,3.6901499564098517
Filter Fed (K=0.025),0.025,2.0,0.25,8.07245511439876,0.5795517923731427,3.3940492839972163
Filter Fed (K=0.025),0.025,2.0,0.3,8.887000616628374,0.6464466094067263,3.142029200213476
Filter Fed (K=0.025),0.025,2.0,0.35,9.855897231086503,0.7026982212493196,2.9301757779859234
Filter Fed (K=0.025),0.025,2.0,0.4,11.022197477148334,0.75,2.7555493692870834
Filter Fed (K=0.025),0.025,2.0,0.45,12.444828369123554,0.7897758961865713,2.616202891010933
Filter Fed (K=0.025),0.025,2.0,0.5,14.205841328325466,0.823223304703363,2.5112616839297637
Filter Fed (K=0.025),0.025,2.0,0.55,16.421643258247084,0.8513491106246598,2.4410918753429884
Filter Fed (K=0.025),0.025,2.0,0.6,19.260839698804677,0.875,2.4076049623505846
Filter Fed (K=0.025),0.025,2.0,0.65,22.973433649584322,0.8948879480932856,2.4147847502505653
Filter Fed (K=0.025),0.025,2.0,0.7,27.94030525577682,0.9116116523516815,2.4695974143477417
Filter Fed (K=0.025),0.025,2.0,0.75,34.76062125250047,0.9256745553123299,2.583598632211774
Filter Fed (K=0.025),0.025,2.0,0.8,44.414184839479205,0.9375,2.7758865524674503
Filter Fed (K=0.025),0.025,2.0,0.85,58.58201368852105,0.9474439740466428,3.078837831813838
Filter Fed (K=0.025),0.025,2.0,0.9,80.32952612085438,0.9558058261758408,3.550097040597379
Filter Fed (K=0.025),0.025,2.0,0.95,115.71176987361059,0.9628372776561649,4.300164375726735
Filter Fed (K=0.025),0.025,2.1,0.0,5.701876935230271,0.0,5.701876935230271
Filter Fed (K=0.025),0.025,2.1,0.05,6.1154045888512245,0.17390763662158348,5.051889029819321
Filter Fed (K=0.025),0.025,2.1,0.1,6.586125147419484,0.31757140716786225,4.494560116569834
Filter Fed (K=0.025),0.025,2.1,0.15,7.125772960376163,0.4362509509102922,4.017147730441214
Filter Fed (K=0.025),0.025,2.1,0.2,7.7493149084606925,0.5342912156851484,3.608924025292185
Filter Fed (K=0.025),0.025,2.1,0.25,8.476077870118699,0.615281529719255,3.2609037121725413
Filter Fed (K=0.025),0.025,2.1,0.3,9.331350647459793,0.6821870096504503,2.9656244532694034
Filter Fed (K=0.025),0.025,2.1,0.35,10.34869209264083,0.7374571156897786,2.7169754708403047
Filter Fed (K=0.025),0.025,2.1,0.4,11.573307351005749,0.7831153282119829,2.510072966324727
Filter Fed (K=0.025),0.025,2.1,0.45,13.067069787579733,0.8208332289020849,2.3411847015517804
Filter Fed (K=0.025),0.025,2.1,0.5,14.916133394741736,0.8519916986248435,2.2077115668409717
Filter Fed (K=0.025),0.025,2.1,0.55,17.242725421159435,0.877731472517372,2.10824264703244
Filter Fed (K=0.025),0.025,2.1,0.6,20.22388168374491,0.898994903165077,2.04271512784468
Filter Fed (K=0.025),0.025,2.1,0.65,24.122105332063533,0.9165604608423726,2.012737352419127
Filter Fed (K=0.025),0.025,2.1,0.7,29.33732051856567,0.9310712338980697,2.0221853040815745
Filter Fed (K=0.025),0.025,2.1,0.75,36.4986523151255,0.9430584727060983,2.078289006992346
Filter Fed (K=0.025),0.025,2.1,0.8,46.63489408145316,0.9529610391434041,2.1936569572489697
Filter Fed (K=0.025),0.025,2.1,0.85,61.511114372947105,0.9611414736551099,2.390231258364711
Filter Fed (K=0.025),0.025,2.1,0.9,84.34600242689712,0.9678992681343472,2.7075684078455216
Filter Fed (K=0.025),0.025,2.1,0.95,121.4973583672911,0.973481830546926,3.2218875372846774
Filter Fed (K=0.025),0.025,2.2,0.0,5.973394884526953,0.0,5.973394884526953
Filter Fed (K=0.025),0.025,2.2,0.05,6.406614331177473,0.1891539109655055,5.194778174387598
Filter Fed (K=0.025),0.025,2.2,0.1,6.899750154439459,0.34252861989746464,4.536388256401993
Filter Fed (K=0.025),0.025,2.2,0.15,7.465095482298839,0.4668919027917475,3.979702848046256
Filter Fed (K=0.025),0.025,2.2,0.2,8.118329904101676,0.5677313843460674,3.509299229067955
Filter Fed (K=0.025),0.025,2.2,0.25,8.87970062583864,0.6494966835846536,3.1123645181318698
Filter Fed (K=0.025),0.025,2.2,0.3,9.77570067829121,0.7157957566909965,2.778295614089066
Filter Fed (K=0.025),0.025,2.2,0.35,10.841486954195155,0.7695541008258866,2.4983762095439226
Filter Fed (K=0.025),0.025,2.2,0.4,12.12441722486317,0.8131438439206327,2.2655219973404024
Filter Fed (K=0.025),0.025,2.2,0.45,13.689311206035914,0.8484884166310259,2.0740892160571414
Filter Fed (K=0.025),0.025,2.2,0.5,15.626425461158007,0.8771474251818436,1.9197466031072576
Filter Fed (K=0.025),0.025,2.2,0.55,18.063807584071792,0.9003854701808803,1.7994176992303597
Filter Fed (K=0.025),0.025,2.2,0.6,21.186923668685147,0.9192279480851567,1.7113112984828582
Filter Fed (K=0.025),0.025,2.2,0.65,25.27077701454275,0.9345062976015582,1.6550767491678458
Filter Fed (K=0.025),0.025,2.2,0.7,30.734335781354506,0.9468946875538343,1.6321565044942006
Filter Fed (K=0.025),0.025,2.2,0.75,38.23668337775052,0.9569397650960717,1.646480568193068
Filter Fed (K=0.025),0.025,2.2,0.8,48.855603323427125,0.9650847769352431,1.7058042880007376
Filter Fed (K=0.025),0.025,2.2,0.85,64.44021505737315,0.9716891279301749,1.824358684641307
Filter Fed (K=0.025),0.025,2.2,0.9,88.36247873293983,0.9770442401050264,2.0284278455180744
Filter Fed (K=0.025),0.025,2.2,0.95,127.28294686097163,0.9813864118683457,2.3691923490533613
Filter Fed (K=0.025),0.025,2.3,0.0,6.24491283382363,0.0,6.24491283382363
Filter Fed (K=0.025),0.025,2.3,0.05,6.697824073503721,0.20480808152314345,5.3260555746298985
Filter Fed (K=0.025),0.025,2.3,0.1,7.213375161459433,0.3676698127890964,4.5612348662681255
Filter Fed (K=0.025),0.025,2.3,0.15,7.804418004221511,0.4971761453209317,3.9242475444093814
Filter Fed (K=0.025),0.025,2.3,0.2,8.48734489974266,0.6001585343418236,3.3935924242595528
Filter Fed (K=0.025),0.025,2.3,0.25,9.283323381558574,0.6820492978366766,2.951639187575747
Filter Fed (K=0.025),0.025,2.3,0.3,10.220050709122628,0.7471681711656832,2.58395411156693
Filter Fed (K=0.025),0.025,2.3,0.35,11.334281815749476,0.7989501729772274,2.2787553984837894
Filter Fed (K=0.025),0.025,2.3,0.4,12.675527098720583,0.8401268023403213,2.026477049294369
Filter Fed (K=0.025),0.025,2.3,0.45,14.311552624492087,0.8728701252399704,1.8194258927732516
Filter Fed (K=0.025),0.025,2.3,0.5,16.33671752757428,0.8989073509938496,1.6515220509276927
Filter Fed (K=0.025),0.025,2.3,0.55,18.88488974698414,0.9196119424928918,1.5181196029959592
Filter Fed (K=0.025),0.025,2.3,0.6,22.149965653625372,0.9360760663282948,1.4159129352728974
Filter Fed (K=0.025),0.025,2.3,0.65,26.419448697021963,0.9491682045470093,1.342948012147801
Filter Fed (K=0.025),0.025,2.3,0.7,32.13135104414335,0.9595789670541133,1.2987823991511702
Filter Fed (K=0.025),0.025,2.3,0.75,39.97471444037554,0.9678575212649441,1.2848864088397043
Filter Fed (K=0.025),0.025,2.3,0.8,51.076312565401075,0.9744405606700693,1.3054819122119437
Filter Fed (K=0.025),0.025,2.3,0.85,67.3693157417992,0.9796753404040396,1.3692584096648461
Filter Fed (K=0.025),0.025,2.3,0.9,92.37895503898255,0.9838379949434992,1.4930291384542946
Filter Fed (K=0.025),0.025,2.3,0.95,133.0685353546521,0.9871481041926885,1.7101829516095353
Filter Fed (K=0.025),0.025,2.4,0.0,6.516430783120311,0.0,6.516430783120311
Filter Fed (K=0.025),0.025,2.4,0.05,6.98903381582997,0.2208354203395001,5.445607595344178
Filter Fed (K=0.025),0.025,2.4,0.1,7.5270001684794074,0.3929025578024765,4.569622549704176
Filter Fed (K=0.025),0.025,2.4,0.15,8.143740526144185,0.5269711766372019,3.8522239988539178
Filter Fed (K=0.025),0.025,2.4,0.2,8.856359895383646,0.6314326956772247,3.2641646927538863
Filter Fed (K=0.025),0.025,2.4,0.25,9.686946137278515,0.7128254112507412,2.781844773209179
Filter Fed (K=0.025),0.025,2.4,0.3,10.664400739954045,0.7762437322680068,2.3862265071704236
Filter Fed (K=0.025),0.025,2.4,0.35,11.827076677303799,0.8256570417061992,2.0619675358887597
Filter Fed (K=0.025),0.025,2.4,0.4,13.226636972578,0.8641581421842427,1.7967309390095794
Filter Fed (K=0.025),0.025,2.4,0.45,14.933794042948263,0.8941568359546841,1.5806400127067344
Filter Fed (K=0.025),0.025,2.4,0.5,17.047009593990552,0.9175307555766941,1.4058540008932483
Filter Fed (K=0.025),0.025,2.4,0.55,19.705971909896494,0.9357428858339958,1.266248886766291
Filter Fed (K=0.025),0.025,2.4,0.6,23.113007638565605,0.9499331326506486,1.1571958874846098
Filter Fed (K=0.025),0.025,2.4,0.65,27.568120379501185,0.9609896703468246,1.0754414639227645
Filter Fed (K=0.025),0.025,2.4,0.7,33.528366306932185,0.969604532893366,1.0191103552215326
Filter Fed (K=0.025),0.025,2.4,0.75,41.71274550300056,0.976316928648275,0.9878859280239077
Filter Fed (K=0.025),0.025,2.4,0.8,53.29702180737504,0.9815469896651636,0.9834904942274911
Filter Fed (K=0.025),0.025,2.4,0.85,70.29841642622526,0.9856220679589863,1.0107458539671461
Filter Fed (K=0.025),0.025,2.4,0.9,96.39543134502527,0.9887972246248763,1.0798963645464772
Filter Fed (K=0.025),0.025,2.4,0.95,138.85412384833268,0.9912711942338108,1.212030676906472
Filter Fed (K=0.025),0.025,2.5,0.0,6.78794873241699,0.0,6.78794873241699
Filter Fed (K=0.025),0.025,2.5,0.05,7.280243558156219,0.2372009246277309,5.553363054646482
Filter Fed (K=0.025),0.025,2.5,0.1,7.840625175499383,0.41813757061121126,4.562165212542969
Filter Fed (K=0.025),0.025,2.5,0.15,8.48306304806686,0.5561558768683696,3.765157680039571
Filter Fed (K=0.025),0.025,2.5,0.2,9.225374891024632,0.6614361132657769,3.1233787796856096
Filter Fed (K=0.025),0.025,2.5,0.25,10.090568892998453,0.7417437802446929,2.6059521774862744
Filter Fed (K=0.025),0.025,2.5,0.3,11.108750770785466,0.8030023943615141,2.1883973034794213
Filter Fed (K=0.025),0.025,2.5,0.35,12.319871538858125,0.8497304085684121,1.8513020626338588
Filter Fed (K=0.025),0.025,2.5,0.4,13.777746846435416,0.8853744945994161,1.5792811955539607
Filter Fed (K=0.025),0.025,2.5,0.45,15.556035461404445,0.9125637704663555,1.3601610872368723
Filter Fed (K=0.025),0.025,2.5,0.5,17.757301660406824,0.9333037249576985,1.18434587555161
Filter Fed (K=0.025),0.025,2.5,0.55,20.52705407280885,0.9491241430669579,1.0443314662650418
Filter Fed (K=0.025),0.025,2.5,0.6,24.07604962350584,0.9611919433727036,0.9343446971506119
Filter Fed (K=0.025),0.025,2.5,0.65,28.716792061980392,0.9703972502877036,0.8500960079508648
Filter Fed (K=0.025),0.025,2.5,0.7,34.92538156972103,0.9774190498909836,0.7886482987642314
Filter Fed (K=0.025),0.025,2.5,0.75,43.450776565625596,0.982775272135815,0.74842780183041
Filter Fed (K=0.025),0.025,2.5,0.8,55.517731049349,0.9868609935116607,0.729447828475274
Filter Fed (K=0.025),0.025,2.5,0.85,73.2275171106513,0.9899775779993846,0.7339170785402344
Filter Fed (K=0.025),0.025,2.5,0.9,100.41190765106799,0.9923549057649398,0.7676584963145784
Filter Fed (K=0.025),0.025,2.5,0.95,144.6397123420132,0.9941683291863622,0.8434911889578826
Filter Fed (K=0.025),0.025,2.6,0.0,7.05946668171367,0.0,7.05946668171367
Filter Fed (K=0.025),0.025,2.6,0.05,7.571453300482469,0.25386944231298014,5.649292673590212
Filter Fed (K=0.025),0.025,2.6,0.1,8.154250182519359,0.44328919088565677,4.539559216831133
Filter Fed (K=0.025),0.025,2.6,0.15,8.822385569989535,0.5846210535251231,3.6646332234574097
Filter Fed (K=0.025),0.025,2.6,0.2,9.594389886665619,0.6900730750152533,2.973559754679028
Filter Fed (K=0.025),0.025,2.6,0.25,10.494191648718388,0.7687540506189078,2.4267393107950133
Filter Fed (K=0.025),0.025,2.6,0.3,11.553100801616885,0.8274603308254214,1.9933681902515366
Filter Fed (K=0.025),0.025,2.6,0.35,12.812666400412454,0.8712628804156377,1.6494657665844388
Filter Fed (K=0.025),0.025,2.6,0.4,14.328856720292832,0.9039453011694992,1.376354016853125
Filter Fed (K=0.025),0.025,2.6,0.45,16.178276879860622,0.9283306539931397,1.1594865234975185
Filter Fed (K=0.025),0.025,2.6,0.5,18.4675937268231,0.9465253108948374,0.9875488330623168
Filter Fed (K=0.025),0.025,2.6,0.55,21.348136235721206,0.960100900395825,0.8517714140325388
Filter Fed (K=0.025),0.025,2.6,0.6,25.03909160844608,0.970230062561127,0.7454121907096501
Filter Fed (K=0.025),0.025,2.6,0.65,29.86546374445961,0.977787739976426,0.6633794464165593
Filter Fed (K=0.025),0.025,2.6,0.7,36.322396832509874,0.9834267540411216,0.6019800165211732
Filter Fed (K=0.025),0.025,2.6,0.75,45.188807628250615,0.9876341947500179,0.5587959946098525
Filter Fed (K=0.025),0.025,2.6,0.8,57.738440291322966,0.9907734948325818,0.5327240177065578
Filter Fed (K=0.025),0.025,2.6,0.85,76.15661779507737,0.993115822553932,0.5242756705936888
Filter Fed (K=0.025),0.025,2.6,0.9,104.42838395711073,0.9948635048429489,0.5363958884543676
Filter Fed (K=0.025),0.025,2.6,0.95,150.42530083569375,0.9961675040039129,0.5765043631630011
Filter Fed (K=0.025),0.025,2.7,0.0,7.33098463101035,0.0,7.33098463101035
Filter Fed (K=0.025),0.025,2.7,0.05,7.862663042808716,0.2708057956330433,5.733408321706377
Filter Fed (K=0.025),0.025,2.7,0.1,8.467875189539335,0.46827581231764104,4.502574056553404
Filter Fed (K=0.025),0.025,2.7,0.15,9.16170809191221,0.6122698040202958,3.5522708739859628
Filter Fed (K=0.025),0.025,2.7,0.2,9.9634048823066,0.7172693882335355,2.8169595576515243
Filter Fed (K=0.025),0.025,2.7,0.25,10.897814404438328,0.79383447650277,2.246753611666682
Filter Fed (K=0.025),0.025,2.7,0.3,11.997450832448301,0.8496652951255401,1.8036332301419584
Filter Fed (K=0.025),0.025,2.7,0.35,13.305461261966776,0.890376804490327,1.4585871812669648
Filter Fed (K=0.025),0.025,2.7,0.4,14.87996659415025,0.9200634011701607,1.1894539202379986
Filter Fed (K=0.025),0.025,2.7,0.45,16.8005182983168,0.9417106954164747,0.9792905282516785
Filter Fed (K=0.025),0.025,2.7,0.5,19.177885793239376,0.9574957769211131,0.8151411359372623
Filter Fed (K=0.025),0.025,2.7,0.55,22.16921839863356,0.9690061668697554,0.6871090556751974
Filter Fed (K=0.025),0.025,2.7,0.6,26.00213359338631,0.9773994765103091,0.5876618310594077
Filter Fed (K=0.025),0.025,2.7,0.65,31.014135426938836,0.9835198292556581,0.5111182473240963
Filter Fed (K=0.025),0.025,2.7,0.7,37.719412095298715,0.987982755006248,0.4532834161694974
Filter Fed (K=0.025),0.025,2.7,0.75,46.92683869087564,0.9912370945980983,0.41121544825844486
Filter Fed (K=0.025),0.025,2.7,0.8,59.95914953329693,0.9936101401675174,0.38313056119263406
Filter Fed (K=0.025),0.025,2.7,0.85,79.08571847950343,0.9953405512434365,0.3684958526312568
Filter Fed (K=0.025),0.025,2.7,0.9,108.44486026315344,0.9966023569711691,0.36845692348564907
Filter Fed (K=0.025),0.025,2.7,0.95,156.21088932937428,0.9975224583948686,0.38701897748809544
Filter Fed (K=0.025),0.025,2.8,0.0,7.6025025803070285,0.0,7.6025025803070285
Filter Fed (K=0.025),0.025,2.8,0.05,8.153872785134965,0.28797490220146404,5.8057620672725445
Filter Fed (K=0.025),0.025,2.8,0.1,8.781500196559309,0.49302026010498534,4.452042685539658
Filter Fed (K=0.025),0.025,2.8,0.15,9.50103061383488,0.6390177011193758,3.429703872717303
Filter Fed (K=0.025),0.025,2.8,0.2,10.332419877947585,0.7429715433359834,2.655725934833475
Filter Fed (K=0.025),0.025,2.8,0.25,11.301437160158263,0.8169892880067967,2.068284061227009
Filter Fed (K=0.025),0.025,2.8,0.3,12.44180086327972,0.8696917798948598,1.6212689253965773
Filter Fed (K=0.025),0.025,2.8,0.35,13.7982561235211,0.9072172768356843,1.2802397780589818
Filter Fed (K=0.025),0.025,2.8,0.4,15.431076468007667,0.9339363724649137,1.019432888247894
Filter Fed (K=0.025),0.025,2.8,0.45,17.422759716772976,0.9529610391434041,0.8195485123311593
Filter Fed (K=0.025),0.025,2.8,0.5,19.88817785965564,0.9665070792957409,0.6661131640056486
Filter Fed (K=0.025),0.025,2.8,0.55,22.99030056154591,0.9761521998599912,0.548268092950478
Filter Fed (K=0.025),0.025,2.8,0.6,26.96517557832654,0.9830197677730304,0.45787494336099527
Filter Fed (K=0.025),0.025,2.8,0.65,32.16280710941805,0.98790964848795,0.3888596435671236
Filter Fed (K=0.025),0.025,2.8,0.7,39.11642735808755,0.9913913662822139,0.33673899547416253
Filter Fed (K=0.025),0.025,2.8,0.75,48.66486975350066,0.9938704367351816,0.2982943979282294
Filter Fed (K=0.025),0.025,2.8,0.8,62.17985877527089,0.9956355971169054,0.2713779549092065
Filter Fed (K=0.025),0.025,2.8,0.85,82.01481916392946,0.9968924356103324,0.2548663314588582
Filter Fed (K=0.025),0.025,2.8,0.9,112.4613365691961,0.9977873361615316,0.24883913265248517
Filter Fed (K=0.025),0.025,2.8,0.95,161.9964778230548,0.9984245278140192,0.2552209450370707
Filter Fed (K=0.025),0.025,2.9,0.0,7.874020529603708,0.0,7.874020529603708
Filter Fed (K=0.025),0.025,2.9,0.05,8.445082527461214,0.3053418929666206,5.866445042266874
Filter Fed (K=0.025),0.025,2.9,0.1,9.095125203579284,0.5174501143328021,4.388851627116034
Filter Fed (K=0.025),0.025,2.9,0.15,9.840353135757555,0.6647928098732505,3.298557124492238
Filter Fed (K=0.025),0.025,2.9,0.2,10.701434873588571,0.7671456078425741,2.491876112701746
Filter Fed (K=0.025),0.025,2.9,0.25,11.705059915878204,0.8382458087295144,1.8933425004654574
Filter Fed (K=0.025),0.025,2.9,0.3,12.88615089411114,0.8876361396873292,1.4479376590339015
Filter Fed (K=0.025),0.025,2.9,0.35,14.291050985075424,0.9219455334962371,1.1154803604181376
Filter Fed (K=0.025),0.025,2.9,0.4,15.982186341865084,0.9457788320529957,0.8665728098025844
Filter Fed (K=0.025),0.025,2.9,0.45,18.045001135229153,0.9623348261127951,0.6796681055532162
Filter Fed (K=0.025),0.025,2.9,0.5,20.598469926071918,0.9738355816064311,0.5389469854130912
Filter Fed (K=0.025),0.025,2.9,0.55,23.811382724458262,0.9818246746470941,0.4327796281195916
Filter Fed (K=0.025),0.025,2.9,0.6,27.928217563266784,0.9873743628956346,0.35261153992556976
Filter Fed (K=0.025),0.025,2.9,0.65,33.31147879189726,0.9912294988289911,0.2921583637523717
Filter Fed (K=0.025),0.025,2.9,0.7,40.5134426208764,0.9939075002588129,0.24682813868228728
Filter Fed (K=0.025),0.025,2.9,0.75,50.40290081612568,0.9957677956626857,0.2133153754472298
Filter Fed (K=0.025),0.025,2.9,0.8,64.40056801724484,0.9970600649464627,0.1893334873816106
Filter Fed (K=0.025),0.025,2.9,0.85,84.9439198483555,0.9979577502809087,0.17347669644881644
Filter Fed (K=0.025),0.025,2.9,0.9,116.47781287523887,0.9985813346760466,0.16524303413603486
Filter Fed (K=0.025),0.025,2.9,0.95,167.78206631673532,0.9990145126315486,0.16534710700781569
Filter Fed (K=0.025),0.025,3.0,0.0,8.145538478900388,0.0,8.145538478900388
Filter Fed (K=0.025),0.025,3.0,0.05,8.736292269787464,0.32287222653155356,5.915586133010786
Filter Fed (K=0.025),0.025,3.0,0.1,9.408750210599262,0.5414979783976643,4.313930992311163
Filter Fed (K=0.025),0.025,3.0,0.15,10.179675657680232,0.6895355469816289,3.1604274349661203
Filter Fed (K=0.025),0.025,3.0,0.2,11.07044986922956,0.7897758961865713,2.3272754025702733
Filter Fed (K=0.025),0.025,3.0,0.25,12.108682671598144,0.8576514206554136,1.7236537760364075
Filter Fed (K=0.025),0.025,3.0,0.3,13.330500924942562,0.9036118234120036,1.2849026771598127
Filter Fed (K=0.025),0.025,3.0,0.35,14.783845846629752,0.9347328885982866,0.9648989138177416
Filter Fed (K=0.025),0.025,3.0,0.4,16.533296215722505,0.9558058261758408,0.7306753668439546
Filter Fed (K=0.025),0.025,3.0,0.45,18.667242553685334,0.9700748974781696,0.5586191472189097
Filter Fed (K=0.025),0.025,3.0,0.5,21.308761992488193,0.979736881958578,0.4317819595703549
Filter Fed (K=0.025),0.025,3.0,0.55,24.632464887370617,0.9862792799970836,0.33797515370128073
Filter Fed (K=0.025),0.025,3.0,0.6,28.891259548207014,0.9907093194140413,0.26841946418842144
Filter Fed (K=0.025),0.025,3.0,0.65,34.460150474376476,0.9937090221408232,0.21678804365820195
Filter Fed (K=0.025),0.025,3.0,0.7,41.91045788366524,0.9957402041692763,0.17852999375655704
Filter Fed (K=0.025),0.025,3.0,0.75,52.14093187875071,0.9971155739337119,0.15039666303162263
Filter Fed (K=0.025),0.025,3.0,0.8,66.6212772592188,0.998046875,0.13011968214691172
Filter Fed (K=0.025),0.025,3.0,0.85,87.87302053278158,0.9986774848174444,0.11621340379161925
Filter Fed (K=0.025),0.025,3.0,0.9,120.49428918128157,0.999104488239058,0.10790405308818972
Filter Fed (K=0.025),0.025,3.0,0.95,173.5676548104159,0.9993936241151985,0.10524724025858764
